date_received,first_initial,last_initial,zip_suffix,postmark_date,no_postmark_month_only,no_postmark_signed_date,post_type,forwarded_from_huntington_sci,notes
12/26/2024,A,B,17,12/21/2024,FALSE,,LETTER,,
12/26/2024,A,C,01,12/21/2024,FALSE,,LETTER,,
12/26/2024,A,H,30,12/20/2024,FALSE,,LETTER,,
12/26/2024,A,S,17,12/21/2024,FALSE,,LETTER,,
12/26/2024,A,null,46,12/21/2024,FALSE,,LETTER,,
12/26/2024,C,C,01,12/20/2024,FALSE,,LETTER,,
12/26/2024,C,N,09,12/20/2024,FALSE,,LETTER,,
12/26/2024,D,M,19,12/21/2024,FALSE,,LETTER,,
12/26/2024,F,P,01,12/21/2024,FALSE,,LETTER,,
12/26/2024,A,L,71,12/21/2024,FALSE,,LETTER,,
12/26/2024,A,S,81,12/20/2024,FALSE,,LETTER,,
12/26/2024,B,G,35,12/20/2024,FALSE,,LETTER,,
12/26/2024,C,C,49,12/20/2024,FALSE,,LETTER,,
12/26/2024,C,P,11,12/21/2024,FALSE,,LETTER,,
12/26/2024,D,P,74,12/20/2024,FALSE,,LETTER,,
12/26/2024,G,E,35,null,FALSE,,LETTER,,
12/26/2024,A,O,32,12/20/2024,FALSE,,LETTER,,
12/26/2024,A,S,01,12/21/2024,FALSE,,LETTER,,
12/26/2024,B,L,08,12/21/2024,FALSE,,LETTER,,
12/26/2024,C,E,83,12/21/2024,FALSE,,LETTER,,
12/26/2024,C,R,85,12/21/2024,FALSE,,LETTER,,
12/26/2024,E,C,10,12/21/2024,FALSE,,LETTER,,
12/26/2024,G,J,02,12/20/2024,FALSE,,LETTER,,
12/26/2024,A,H,54,12/21/2024,FALSE,,LETTER,,
12/26/2024,A,R,06,12/21/2024,FALSE,,LETTER,,
12/26/2024,A,T,19,12/20/2024,FALSE,,LETTER,,
12/26/2024,B,X,35,12/20/2024,FALSE,,LETTER,,
12/26/2024,C,L,55,12/20/2024,FALSE,,LETTER,,
12/26/2024,C,S,40,12/21/2024,FALSE,,LETTER,,
12/26/2024,E,H,13,12/21/2024,FALSE,,LETTER,,
12/26/2024,H,L,01,12/21/2024,FALSE,,LETTER,,
12/26/2024,J,A,04,12/20/2024,FALSE,,LETTER,,
12/26/2024,J,H,06,12/20/2024,FALSE,,LETTER,,
12/26/2024,J,R,24,12/20/2024,FALSE,,LETTER,,
12/26/2024,K,H,54,12/20/2024,FALSE,,LETTER,,
12/26/2024,L,C,35,12/20/2024,FALSE,,LETTER,,
12/26/2024,M,G,02,12/20/2024,FALSE,,LETTER,,
12/26/2024,M,M,21,12/20/2024,FALSE,,LETTER,,
12/26/2024,M,T,60,12/21/2024,FALSE,,LETTER,,
12/26/2024,N,R,13,12/20/2024,FALSE,,LETTER,,
12/26/2024,J,T,62,12/20/2024,FALSE,,LETTER,,
12/26/2024,P,S,42,12/20/2024,FALSE,,LETTER,,
12/26/2024,R,S,52,12/20/2024,FALSE,,LETTER,,
12/26/2024,S,M,09,12/20/2024,FALSE,,LETTER,,
12/26/2024,T,M,60,12/20/2024,FALSE,,LETTER,,
12/26/2024,J,A,69,12/20/2024,FALSE,,LETTER,,
12/26/2024,J,I,74,12/21/2024,FALSE,,LETTER,,
12/26/2024,J,R,50,12/21/2024,FALSE,,LETTER,,
12/26/2024,J,Y,01,12/21/2024,FALSE,,LETTER,,
12/26/2024,K,K,12,12/21/2024,FALSE,,LETTER,,
12/26/2024,L,L,76,12/21/2024,FALSE,,LETTER,,
12/26/2024,M,J,25,12/21/2024,FALSE,,LETTER,,
12/26/2024,M,P,27,null,FALSE,,LETTER,,
12/26/2024,M,W,19,12/20/2024,FALSE,,LETTER,,
12/26/2024,N,null,14,12/20/2024,FALSE,,LETTER,,
12/26/2024,P,T,75,12/23/2024,FALSE,,LETTER,,
12/26/2024,S,A,26,12/21/2024,FALSE,,LETTER,,
12/26/2024,S,M,25,12/20/2024,FALSE,,LETTER,,
12/26/2024,V,F,69,12/21/2024,FALSE,,LETTER,,
12/26/2024,J,C,53,12/20/2024,FALSE,,LETTER,,
12/26/2024,J,M,04,12/21/2024,FALSE,,LETTER,,
12/26/2024,J,S,38,12/20/2024,FALSE,,LETTER,,
12/26/2024,K,A,11,12/21/2024,FALSE,,LETTER,,
12/26/2024,K,S,58,null,FALSE,,LETTER,,
12/26/2024,M,C,05,12/21/2024,FALSE,,LETTER,,
12/26/2024,M,K,12,12/21/2024,FALSE,,LETTER,,
12/26/2024,M,P,34,12/21/2024,FALSE,,LETTER,,
12/26/2024,M,Z,89,12/20/2024,FALSE,,LETTER,,
12/26/2024,O,G,71,12/20/2024,FALSE,,LETTER,,
12/26/2024,R,B,42,12/21/2024,FALSE,,LETTER,,
12/26/2024,S,J,68,12/20/2024,FALSE,,LETTER,,
12/26/2024,S,S,15,12/21/2024,FALSE,,LETTER,,
12/26/2024,V,L,32,12/21/2024,FALSE,,LETTER,,
12/26/2024,J,H,03,12/20/2024,FALSE,,LETTER,,
12/26/2024,J,M,09,12/20/2024,FALSE,,LETTER,,
12/26/2024,J,T,09,12/20/2024,FALSE,,LETTER,,
12/26/2024,K,B,07,NULL,FALSE,,LETTER,,
12/26/2024,L,A,09,12/20/2024,FALSE,,LETTER,,
12/26/2024,M,C,54,12/20/2024,FALSE,,LETTER,,
12/26/2024,M,K,48,12/21/2024,FALSE,,LETTER,,
12/26/2024,M,R,32,12/20/2024,FALSE,,LETTER,,
12/26/2024,N,F,62,12/20/2024,FALSE,,LETTER,,
12/26/2024,P,A,43,12/21/2024,FALSE,,LETTER,,
12/26/2024,R,R,50,12/23/2024,FALSE,,LETTER,,
12/26/2024,S,K,79,12/21/2024,FALSE,,LETTER,,
12/26/2024,T,A,56,12/21/2024,FALSE,,LETTER,,
12/26/2024,W,H,61,12/21/2024,FALSE,,LETTER,,
1/8/2025,A,C,38,12/31/2024,FALSE,,LETTER,,
1/8/2025,M,M,RUSSIA,12/25/2024,FALSE,,LETTER,,
1/8/2025,K,O,SOUTH KOREA,12/28/2024,FALSE,,LETTER,,
1/8/2025,M,M,ENGLAND,12/30/2024,FALSE,,LETTER,,
1/8/2025,L,N,19,1/2/2025,FALSE,,LETTER,,
1/8/2025,Y,S,19,null,FALSE,,LETTER,,
1/9/2025,A,T,46,1/7/2025,FALSE,,LETTER,,
1/9/2025,J,B,09,1/7/2025,FALSE,,LETTER,,
1/10/2025,A,B,62,1/2/2025,FALSE,,LETTER,,
1/10/2025,E,S,IRELAND,12/28/2024,FALSE,,LETTER,,
1/10/2025,M,S,17,12/28/2024,FALSE,,LETTER,,
1/10/2025,A,S,81,1/3/2025,FALSE,,LETTER,,
1/10/2025,K,C,05,1/3/2025,FALSE,,LETTER,,
1/10/2025,N,N,36,12/27/2024,FALSE,,LETTER,,
1/10/2025,A,T,55,1/3/2025,FALSE,,LETTER,,
1/10/2025,K,G,62,12/30/2024,FALSE,,LETTER,,
1/10/2025,E,H,60,12/23/2024,FALSE,,LETTER,,
1/10/2025,K,G,61,12/31/2024,FALSE,,LETTER,,
1/13/2025,B,S,61,1/7/2025,FALSE,,LETTER,,
1/13/2025,M,W,19,1/7/2025,FALSE,,LETTER,,
1/13/2025,S,K,78,1/7/2025,FALSE,,LETTER,,
1/13/2025,G,L,05,1/6/2025,FALSE,,LETTER,,
1/13/2025,M,W,65,1/7/2025,FALSE,,LETTER,,
1/13/2025,W,A,CANADA,12/23/2024,FALSE,,LETTER,,
1/13/2025,L,Y,13,1/8/2025,FALSE,,LETTER,,
1/13/2025,R,T,44,1/6/2025,FALSE,,LETTER,,
1/13/2025,M,S,67,1/7/2025,FALSE,,LETTER,,
1/13/2025,S,K,78,1/7/2025,FALSE,,LETTER,,
1/14/2025,A,G,CANADA,12/23/2024,FALSE,,LETTER,,
1/14/2025,B,B,CANADA,12/24/2024,FALSE,,LETTER,,
1/14/2025,K,G,48,1/7/2025,FALSE,,LETTER,,
1/14/2025,R,N,16,1/4/2025,FALSE,,LETTER,,
1/14/2025,V,T,12,1/8/2025,FALSE,,LETTER,,
1/14/2025,A,L,04,12/21/2024,FALSE,,LETTER,,
1/14/2025,E,R,27,1/6/2025,FALSE,,LETTER,,
1/14/2025,M,C,46,1/6/2025,FALSE,,LETTER,,
1/14/2025,S,M,49,12/20/2024,FALSE,,LETTER,,
1/14/2025,Z,B,62,1/11/2025,FALSE,,LETTER,,
1/14/2025,A,R,35,1/4/2025,FALSE,,LETTER,,
1/14/2025,J,B,63,1/4/2025,FALSE,,LETTER,,
1/14/2025,P,A,32,1/4/2025,FALSE,,LETTER,,
1/14/2025,S,R,14,1/8/2025,FALSE,,LETTER,,
1/14/2025,B,A,68,1/2/2025,FALSE,,LETTER,,
1/14/2025,J,L,35,1/3/2025,FALSE,,LETTER,,
1/14/2025,P,A,32,1/6/2025,FALSE,,LETTER,,
1/14/2025,T,K,07,1/6/2025,FALSE,,LETTER,,
1/15/2025,B,C,81,null,FALSE,,LETTER,,
1/15/2025,J,K,09,1/10/2025,FALSE,,LETTER,,
1/15/2025,S,K,01,1/3/2025,FALSE,,LETTER,,
1/15/2025,C,K,32,1/7/2025,FALSE,,LETTER,,
1/15/2025,R,B,53,1/6/2025,FALSE,,LETTER,,
1/15/2025,T,J,04,1/11/2025,FALSE,,LETTER,,
1/15/2025,G,L,03,1/10/2025,FALSE,,LETTER,,
1/15/2025,R,N,17,null,FALSE,,LETTER,,
1/15/2025,H,N,03,1/8/2025,FALSE,,LETTER,,
1/15/2025,S,B,36,1/6/2025,FALSE,,LETTER,,
1/16/2025,A,H,01,1/10/2025,FALSE,,LETTER,,
1/16/2025,B,B,12,1/11/2025,FALSE,,LETTER,,
1/16/2025,M,P,02,null,FALSE,,LETTER,,
1/16/2025,T,M,04,1/7/2025,FALSE,,LETTER,,
1/16/2025,A,M,79,1/11/2025,FALSE,,LETTER,,
1/16/2025,D,A,15,1/11/2025,FALSE,,LETTER,,
1/16/2025,N,N,06,1/10/2025,FALSE,,LETTER,,
1/16/2025,A,V,22,1/10/2025,FALSE,,LETTER,,
1/16/2025,K,T,55,12/21/2024,FALSE,,LETTER,,
1/16/2025,R,H,38,1/7/2025,FALSE,,LETTER,,
1/16/2025,B,B,27,1/11/2025,FALSE,,LETTER,,
1/16/2025,M,H,71,1/11/2025,FALSE,,LETTER,,
1/16/2025,S,T,40,1/10/2025,FALSE,,LETTER,,
1/17/2025,D,M,SPAIN,1/8/2025,FALSE,,LETTER,,
1/17/2025,O,A,49,1/13/2025,FALSE,,LETTER,,
1/17/2025,G,G,31,1/8/2025,FALSE,,LETTER,,
1/17/2025,R,D,19,1/8/2025,FALSE,,LETTER,,
1/17/2025,J,G,06,1/13/2025,FALSE,,LETTER,,
1/17/2025,S,M,09,null,FALSE,,LETTER,,
1/17/2025,N,H,ENGLAND,null,FALSE,,LETTER,,
1/17/2025,S,K,ENGLAND,1/11/2025,FALSE,,LETTER,,
1/21/2025,A,T,46,1/15/2015,FALSE,,LETTER,,
1/21/2025,J,Y,80,1/13/2025,FALSE,,LETTER,,
1/21/2025,J,Y,80,1/13/2025,FALSE,,LETTER,,
1/21/2025,S,M,49,NULL,FALSE,,LETTER,,
1/23/2025,A,A,03,1/2/2025,FALSE,,LETTER,,
1/23/2025,B,K,CANADA,NULL,FALSE,,LETTER,,
1/23/2025,K,M,02,1/14/2025,FALSE,,LETTER,,
1/23/2025,T,D,01,1/16/2025,FALSE,,LETTER,,
1/23/2025,A,K,59,1/2/2025,FALSE,,LETTER,,
1/23/2025,C,S,01,12/28/2024,FALSE,,LETTER,,
1/23/2025,L,L,50,12/27/2024,FALSE,,LETTER,,
1/23/2025,T,S,GUYANA,null,FALSE,,LETTER,,
1/23/2025,A,R,22,12/31/2024,FALSE,,LETTER,,
1/23/2025,D,H,07,12/27/2024,FALSE,,LETTER,,
1/23/2025,L,P,06,12/31/2024,FALSE,,LETTER,,
1/23/2025,B,B,03,12/30/2024,FALSE,,LETTER,,
1/23/2025,E,L,23,12/30/2024,FALSE,,LETTER,,
1/23/2025,P,A,32,1/14/2025,FALSE,,LETTER,,
1/23/2025,V,L,68,12/30/2024,FALSE,,LETTER,,
1/24/2025,A,R,25,1/22/2025,FALSE,,LETTER,,
1/24/2025,J,H,29,1/23/2025,FALSE,,LETTER,,
1/24/2025,S,F,AUSTRALIA,1/7/2025,FALSE,,LETTER,,
1/24/2025,Z,R,01,1/15/2025,FALSE,,LETTER,,
1/24/2025,A,T,55,1/22/2025,FALSE,,LETTER,,
1/24/2025,K,S,40,1/22/2025,FALSE,,LETTER,,
1/24/2025,D,M,CHINA,1/13/2025,FALSE,,LETTER,,
1/24/2025,B,P,30,1/21/2025,FALSE,,LETTER,,
1/24/2025,L,N,GERMANY,1/6/2021,FALSE,,LETTER,,
1/24/2025,Z,H,10,1/21/2025,FALSE,,LETTER,,
1/24/2025,J,C,14,1/22/2025,FALSE,,LETTER,,
1/24/2025,Z,J,61,1/21/2025,FALSE,,LETTER,,
1/28/2025,A,M,03,1/10/2025,FALSE,,LETTER,,
1/28/2025,H,B,38,1/21/2025,FALSE,,LETTER,,
1/28/2025,B,W,44,1/15/2025,FALSE,,LETTER,,
1/28/2025,H,B,38,1/21/2025,FALSE,,LETTER,,
1/28/2025,C,P,14,1/14/2025,FALSE,,LETTER,,
1/28/2025,P,G,11,1/23/2025,FALSE,,LETTER,,
1/28/2025,F,S,07,null,FALSE,,LETTER,,
1/28/2025,V,R,61,1/21/2025,FALSE,,LETTER,,
1/29/2025,A,A,30,1/17/2025,FALSE,,LETTER,,
1/29/2025,D,S,CANADA,NULL,FALSE,,LETTER,,
1/29/2025,S,C,74,1/17/2025,FALSE,,LETTER,,
1/29/2025,A,H,99,1/16/2025,FALSE,,LETTER,,
1/29/2025,E,J,30,1/24/2025,FALSE,,LETTER,,
1/29/2025,T,L,05,1/21/2025,FALSE,,LETTER,,
1/29/2025,C,H,68,1/23/2025,FALSE,,LETTER,,
1/29/2025,J,J,46,NULL,FALSE,,LETTER,,
1/29/2025,W,H,70,1/21/2025,FALSE,,LETTER,,
1/29/2025,D,B,CANADA,1/20/2025,FALSE,,LETTER,,
1/29/2025,O,D,02,1/17/2025,FALSE,,LETTER,,
1/30/2025,B,NULL,41,12/31/2024,FALSE,,LETTER,,
1/30/2025,I,M,24,1/3/2025,FALSE,,LETTER,,
1/30/2025,M,H,56,12/30/2024,FALSE,,LETTER,,
1/30/2025,C,D,88,12/31/2024,FALSE,,LETTER,,
1/30/2025,J,R,10,1/2/2025,FALSE,,LETTER,,
1/30/2025,C,M,CANADA,12/28/2024,FALSE,,LETTER,,
1/30/2025,K,C,13,1/3/2025,FALSE,,LETTER,,
1/30/2025,D,D,05,1/2/2025,FALSE,,LETTER,,
1/30/2025,M,H,48,12/31/2024,FALSE,,LETTER,,
1/31/2025,A,C,38,1/2/2025,FALSE,,LETTER,,
1/31/2025,F,C,26,12/24/2024,FALSE,,LETTER,,
1/31/2025,S,S,44,NULL,FALSE,,LETTER,,
1/31/2025,A,L,25,12/30/2024,FALSE,,LETTER,,
1/31/2025,G,P,06,12/30/2024,FALSE,,LETTER,,
1/31/2025,NULL,NULL,NULL,12/31/2024,FALSE,,LETTER,,
1/31/2025,A,M,07,12/30/2024,FALSE,,LETTER,,
1/31/2025,N,N,23,12/28/2024,FALSE,,LETTER,,
1/31/2025,C,P,20,12/30/2024,FALSE,,LETTER,,
1/31/2025,R,O,05,12/31/2024,FALSE,,LETTER,,
2/3/2025,K,G,60,1/24/2025,FALSE,,LETTER,,
2/4/2025,C,F,NULL,null,FALSE,,LETTER,,
2/4/2025,M,C,ITALY,NULL,FALSE,,LETTER,,
2/4/2025,E,K,27,null,FALSE,,LETTER,,
2/4/2025,S,S,44,1/24/2025,FALSE,,LETTER,,
2/4/2025,J,H,29,2/1/2025,FALSE,,LETTER,,
2/4/2025,L,W,48,1/6/2025,FALSE,,LETTER,,
2/5/2025,E,P,41,12/31/2024,FALSE,,LETTER,,
2/5/2025,K,W,67,12/31/2024,FALSE,,LETTER,,
2/5/2025,M,E,05,12/30/2024,FALSE,,LETTER,,
2/5/2025,S,B,69,12/27/2024,FALSE,,LETTER,,
2/5/2025,H,C,35,12/31/2024,FALSE,,LETTER,,
2/5/2025,L,H,08,12/31/2024,FALSE,,LETTER,,
2/5/2025,M,E,93,12/30/2024,FALSE,,LETTER,,
2/5/2025,S,K,67,12/31/2024,FALSE,,LETTER,,
2/5/2025,H,L,44,12/30/2024,FALSE,,LETTER,,
2/5/2025,L,S,16,12/31/2024,FALSE,,LETTER,,
2/5/2025,M,L,54,1/2/2025,FALSE,,LETTER,,
2/5/2025,S,L,23,1/31/2025,FALSE,,LETTER,,
2/5/2025,K,D,19,12/30/2024,FALSE,,LETTER,,
2/5/2025,M,A,07,12/30/2024,FALSE,,LETTER,,
2/5/2025,P,V,03,12/30/2024,FALSE,,LETTER,,
2/6/2025,A,E,01,12/30/2024,FALSE,,LETTER,,
2/6/2025,M,R,16,2/3/2025,FALSE,,LETTER,,
2/6/2025,V,C,63,12/31/2024,FALSE,,LETTER,,
2/6/2025,A,G,49,12/31/2024,FALSE,,LETTER,,
2/6/2025,M,S,SWEDEN,1/27/2025,FALSE,,LETTER,,
2/6/2025,V,P,60,NULL,FALSE,,LETTER,,
2/6/2025,C,R,85,12/31/2024,FALSE,,LETTER,,
2/6/2025,N,L,02,12/30/2024,FALSE,,LETTER,,
2/6/2025,V,W,THAILAND,1/30/2025,FALSE,,LETTER,,
2/6/2025,D,O,05,2/3/2025,FALSE,,LETTER,,
2/6/2025,T,H,26,12/31/2024,FALSE,,LETTER,,
2/7/2025,A,H,01,2/3/2025,FALSE,,LETTER,,
2/7/2025,I,W,70,1/30/2025,FALSE,,LETTER,,
2/7/2025,L,NULL,11,1/31/2025,FALSE,,LETTER,,
2/7/2025,M,S,CANADA,2/3/2025,FALSE,,LETTER,,
2/7/2025,NULL,W,49,1/30/2025,FALSE,,LETTER,,
2/7/2025,D,G,ITALY,1/7/2025,FALSE,,LETTER,,
2/7/2025,J,L,05,1/29/2025,FALSE,,LETTER,,
2/7/2025,M,G,FINLAND,12/28/2024,FALSE,,LETTER,,
2/7/2025,N,NULL,58,1/29/2025,FALSE,,LETTER,,
2/7/2025,E,N,28,1/30/2025,FALSE,,LETTER,,
2/7/2025,K,NULL,50,NULL,FALSE,,LETTER,,
2/7/2025,M,H,15,1/27/2025,FALSE,,LETTER,,
2/7/2025,T,B,68,1/26/2025,FALSE,,LETTER,,
2/7/2025,G,G,19,1/27/2025,FALSE,,LETTER,,
2/7/2025,L,D,50,1/29/2025,FALSE,,LETTER,,
2/7/2025,M,M,12,1/29/2025,FALSE,,LETTER,,
2/7/2025,V,M,07,1/29/2025,FALSE,,LETTER,,
2/10/2025,B,C,31,1/2/2025,FALSE,,LETTER,,
2/10/2025,R,R,28,12/31/2024,FALSE,,LETTER,,
2/10/2025,J,M,33,1/25/2025,FALSE,,LETTER,,
2/10/2025,T,O,CANADA,12/24/2024,FALSE,,LETTER,,
2/10/2025,J,P,05,1/2/2025,FALSE,,LETTER,,
2/10/2025,V,M,05,12/30/2024,FALSE,,LETTER,,
2/10/2025,K,K,22,2/3/2025,FALSE,,LETTER,,
2/10/2025,NULL,NULL,16,12/31/2024,FALSE,,LETTER,,
2/11/2025,A,K,38,12/30/2024,FALSE,,LETTER,,
2/11/2025,H,P,08,12/31/2024,FALSE,,LETTER,,
2/11/2025,M,F,78,12/27/2024,FALSE,,LETTER,,
2/11/2025,A,L,80,12/31/2024,FALSE,,LETTER,,
2/11/2025,I,W,03,1/2/2025,FALSE,,LETTER,,
2/11/2025,P,E,98,12/31/2024,FALSE,,LETTER,,
2/11/2025,B,B,03,1/2/2025,FALSE,,LETTER,,
2/11/2025,J,T,84,12/30/2024,FALSE,,LETTER,,
2/11/2025,V,G,INDIA,12/31/2024,FALSE,,LETTER,,
2/11/2025,E,A,61,NULL,FALSE,,LETTER,,
2/11/2025,K,B,01,2/10/2025,FALSE,,LETTER,,
2/12/2025,A,R,06,12/31/2024,FALSE,,LETTER,,
2/12/2025,C,S,10,1/2/2025,FALSE,,LETTER,,
2/12/2025,T,C,06,12/30/2024,FALSE,,LETTER,,
2/12/2025,B,J,15,12/25/2024,FALSE,,LETTER,,
2/12/2025,I,A,04,1/4/2025,FALSE,,LETTER,,
2/12/2025,T,C,06,12/30/2024,FALSE,,LETTER,,
2/12/2025,C,R,85,12/31/2024,FALSE,,LETTER,,
2/12/2025,M,S,08,12/31/2024,FALSE,,LETTER,,
2/12/2025,C,R,85,12/31/2024,FALSE,,LETTER,,
2/12/2025,S,S,36,12/30/2024,FALSE,,LETTER,,
2/13/2025,A,T,49,12/30/2024,FALSE,,LETTER,,
2/13/2025,E,C,70,12/30/2024,FALSE,,LETTER,,
2/13/2025,K,G,UK,12/23/2024,FALSE,,LETTER,,
2/13/2025,N,G,12,2/5/2025,FALSE,,LETTER,,
2/13/2025,B,B,63,12/30/2024,FALSE,,LETTER,,
2/13/2025,I,G,NEW ZEALAND,1/6/2025,FALSE,,LETTER,,
2/13/2025,L,B,82,12/30/2024,FALSE,,LETTER,,
2/13/2025,N,M,20,12/31/2024,FALSE,,LETTER,,
2/13/2025,B,K,16,12/31/2024,FALSE,,LETTER,,
2/13/2025,M,U,87,12/31/2024,FALSE,,LETTER,,
2/13/2025,R,H,74,1/2/2025,FALSE,,LETTER,,
2/13/2025,C,S,14,2/7/2025,FALSE,,LETTER,,
2/13/2025,J,M,UK,NULL,FALSE,,LETTER,,
2/13/2025,N,A,12,12/30/2024,FALSE,,LETTER,,
2/13/2025,S,H,38,12/30/2024,FALSE,,LETTER,,
2/14/2025,A,O,13,12/31/2024,FALSE,,LETTER,,
2/14/2025,C,T,06,NULL,FALSE,,LETTER,,
2/14/2025,K,E,64,2/10/2025,FALSE,,LETTER,,
2/14/2025,R,R,97,12/31/2024,FALSE,,LETTER,,
2/14/2025,C,B,18,12/30/2024,FALSE,,LETTER,,
2/14/2025,D,C,47,1/2/2025,FALSE,,LETTER,,
2/14/2025,K,P,12,12/30/2024,FALSE,,LETTER,,
2/14/2025,S,B,33,2/14/2025,FALSE,,LETTER,,
2/14/2025,C,B,18,1/2/2025,FALSE,,LETTER,,
2/14/2025,E,K,IRELAND,NULL,FALSE,,LETTER,,
2/14/2025,N,L,30,1/2/2025,FALSE,,LETTER,,
2/14/2025,C,B,19,1/2/2025,FALSE,,LETTER,,
2/14/2025,J,R,19,12/31/2024,FALSE,,LETTER,,
2/14/2025,R,D,01,NULL,FALSE,,LETTER,,
2/19/2025,A,B,ENGLAND,12/27/2024,FALSE,,LETTER,,
2/19/2025,A,R,06,12/30/2024,FALSE,,LETTER,,
2/19/2025,E,D,34,12/30/2024,FALSE,,LETTER,,
2/19/2025,H,B,24,12/30/2024,FALSE,,LETTER,,
2/19/2025,K,L,51,12/31/2024,FALSE,,LETTER,,
2/19/2025,M,S,14,NULL,FALSE,,LETTER,,
2/19/2025,S,W,73,2/15/2025,FALSE,,LETTER,,
2/19/2025,A,C,38,2/10/2025,FALSE,,LETTER,,
2/19/2025,C,M,06,12/30/2024,FALSE,,LETTER,,
2/19/2025,E,M,01,1/2/2025,FALSE,,LETTER,,
2/19/2025,J,G,23,1/3/2025,FALSE,,LETTER,,
2/19/2025,L,A,04,1/2/2025,FALSE,,LETTER,,
2/19/2025,N,E,26,1/1/2025,FALSE,,LETTER,,
2/19/2025,T,S,39,12/31/2024,FALSE,,LETTER,,
2/19/2025,A,D,77,12/26/2024,FALSE,,LETTER,,
2/19/2025,D,R,16,12/31/2024,FALSE,,LETTER,,
2/19/2025,F,S,07,1/2/2025,FALSE,,LETTER,,
2/19/2025,J,N ,35,12/30/2024,FALSE,,LETTER,,
2/19/2025,L,A,13,12/30/2024,FALSE,,LETTER,,
2/19/2025,S,B,44,12/30/2024,FALSE,,LETTER,,
2/19/2025,V,N,20,1/2/2025,FALSE,,LETTER,,
2/19/2025,A,I,08,12/30/2024,FALSE,,LETTER,,
2/19/2025,E,A,07,1/22/2025,FALSE,,LETTER,,
2/19/2025,G,P,05,12/30/2024,FALSE,,LETTER,,
2/19/2025,K,E,64,1/2/2025,FALSE,,LETTER,,
2/19/2025,M,P,22,12/24/2024,FALSE,,LETTER,,
2/19/2025,S,M,83,12/30/2024,FALSE,,LETTER,,
2/19/2025,V,T,26,12/30/2024,FALSE,,LETTER,,
2/20/2025,A,R,35,12/31/2024,FALSE,,LETTER,,
2/20/2025,C,B,78,2/14/2025,FALSE,,LETTER,,
2/20/2025,H,S,11,NULL,FALSE,,LETTER,,
2/20/2025,K,K,14,1/2/2025,FALSE,,LETTER,,
2/20/2025,R,M,32,12/20/2024,FALSE,,LETTER,,
2/20/2025,V,L,32,1/2/2025,FALSE,,LETTER,,
2/20/2025,A,V,25,12/30/2024,FALSE,,LETTER,,
2/20/2025,C,M,32,1/2/2025,FALSE,,LETTER,,
2/20/2025,J,G,38,2/15/2025,FALSE,,LETTER,,
2/20/2025,M,L,45,12/30/2024,FALSE,,LETTER,,
2/20/2025,S,M,37,12/27/2024,FALSE,,LETTER,,
2/20/2025,NULL,NULL,NULL,12/26/2024,FALSE,,LETTER,,
2/20/2025,A,W,05,12/28/2024,FALSE,,LETTER,,
2/20/2025,E,H,84,12/31/2024,FALSE,,LETTER,,
2/20/2025,K,B,05,12/30/2024,FALSE,,LETTER,,
2/20/2025,M,M,78,12/26/2024,FALSE,,LETTER,,
2/20/2025,S,N,78,2/15/2025,FALSE,,LETTER,,
2/21/2025,A,A,30,12/23/2024,FALSE,,LETTER,,
2/21/2025,D,M,02,12/31/2024,FALSE,,LETTER,,
2/21/2025,E,G,53,12/31/2024,FALSE,,LETTER,,
2/21/2025,K,C,05,12/30/2024,FALSE,,LETTER,,
2/21/2025,N,W,90,12/30/2024,FALSE,,LETTER,,
2/25/2025,A,C,97,12/28/2024,FALSE,,LETTER,,
2/25/2025,K,G,13,2/19/2025,FALSE,,LETTER,,
2/25/2025,R,H,10,1/4/2025,FALSE,,LETTER,,
2/25/2025,A,E,39,1/2/2025,FALSE,,LETTER,,
2/25/2025,N,T,93,1/4/2025,FALSE,,LETTER,,
2/25/2025,R,T,26,1/2/2025,FALSE,,LETTER,,
2/25/2025,C,Z,05,12/31/2024,FALSE,,LETTER,,
2/25/2025,N,W,04,1/4/2025,FALSE,,LETTER,,
2/25/2025,T,S,16,12/30/2024,FALSE,,LETTER,,
2/25/2025,J,P,27,1/3/2025,FALSE,,LETTER,,
2/25/2025,P,S,16,12/30/2024,FALSE,,LETTER,,
2/25/2025,V,A,FINLAND,NULL,FALSE,,LETTER,,
2/26/2025,A,D,46,2/21/2025,FALSE,,LETTER,,
2/26/2025,E,S,65,1/8/2025,FALSE,,LETTER,,
2/26/2025,J,S,34,1/8/2025,FALSE,,LETTER,,
2/26/2025,L,NULL,28,2/21/2025,FALSE,,LETTER,,
2/26/2025,P,C,41,2/19/2025,FALSE,,LETTER,,
2/26/2025,S,S,37,2/18/2025,FALSE,,LETTER,,
2/26/2025,A,F,08,1/7/2025,FALSE,,LETTER,,
2/26/2025,G,M,17,1/7/2025,FALSE,,LETTER,,
2/26/2025,L,F,36,1/7/2025,FALSE,,LETTER,,
2/26/2025,M,H,04,2/22/2025,FALSE,,LETTER,,
2/26/2025,P,M,48,1/8/2025,FALSE,,LETTER,,
2/26/2025,V,M,07,12/31/2024,FALSE,,LETTER,,
2/26/2025,A,H,02,1/8/2025,FALSE,,LETTER,,
2/26/2025,H,W,01,2/21/2025,FALSE,,LETTER,,
2/26/2025,L,L,30,2/19/2025,FALSE,,LETTER,,
2/26/2025,M,P,22,NULL,FALSE,,LETTER,,
2/26/2025,R,B,19,2/20/2025,FALSE,,LETTER,,
2/26/2025,C,W,52,2/20/2025,FALSE,,LETTER,,
2/26/2025,J,F,23,2/18/2025,FALSE,,LETTER,,
2/26/2025,L,O,86,2/21/2025,FALSE,,LETTER,,
2/26/2025,N,A,05,1/8/2025,FALSE,,LETTER,,
2/26/2025,R,D,19,2/15/2025,FALSE,,LETTER,,
2/27/2025,A,G,39,12/30/2024,FALSE,,LETTER,,
2/27/2025,E,A,71,2/24/2025,FALSE,,LETTER,,
2/27/2025,K,W,07,12/30/2024,FALSE,,LETTER,,
2/27/2025,A,H,01,2/22/2025,FALSE,,LETTER,,
2/27/2025,J,H,29,2/27/2025,FALSE,,LETTER,,
2/27/2025,L,R,03,1/7/2025,FALSE,,LETTER,,
2/27/2025,C,F,17,1/7/2025,FALSE,,LETTER,,
2/27/2025,K,A,11,1/11/2025,FALSE,,LETTER,,
2/27/2025,M,S,07,1/2/2025,FALSE,,LETTER,,
2/27/2025,D,F,42,1/2/2025,FALSE,,LETTER,,
2/27/2025,K,D,10,12/30/2024,FALSE,,LETTER,,
2/27/2025,S,A,18,12/30/2024,FALSE,,LETTER,,
2/27/2025,S,C,59,12/31/2024,FALSE,,LETTER,,
2/28/2025,A,A,44,1/4/2025,FALSE,,LETTER,,
2/28/2025,M,G,04,1/2/2025,FALSE,,LETTER,,
2/28/2025,S,S,15,12/31/2024,FALSE,,LETTER,,
2/28/2025,C,J,16,2/23/2025,FALSE,,LETTER,,
2/28/2025,P,G,39,1/2/2025,FALSE,,LETTER,,
2/28/2025,S,T,02,1/2/2025,FALSE,,LETTER,,
2/28/2025,D,A,33,NULL,FALSE,,LETTER,,
2/28/2025,R,M,05,2/24/2025,FALSE,,LETTER,,
2/28/2025,V,A,06,12/31/2024,FALSE,,LETTER,,
2/28/2025,K,T,44,12/31/2024,FALSE,,LETTER,,
2/28/2025,S,C,CANADA,NULL,FALSE,,LETTER,,
2/28/2025,Z,B,62,1/4/2025,FALSE,,LETTER,,
3/3/2025,A,G,05,12/31/2024,FALSE,,LETTER,,
3/3/2025,G,C,UK,NULL,FALSE,,LETTER,,
3/3/2025,L,G,35,1/7/2025,FALSE,,LETTER,,
3/3/2025,S,K,46,2/21/2025,FALSE,,LETTER,,
3/3/2025,A,T,55,1/3/2025,FALSE,,LETTER,,
3/3/2025,H,B,24,12/30/2024,FALSE,,LETTER,,
3/3/2025,L,I,05,12/30/2024,FALSE,,LETTER,,
3/3/2025,C,C,29,12/30/2024,FALSE,,LETTER,,
3/3/2025,H,B,38,1/3/2025,FALSE,,LETTER,,
3/3/2025,M,W,80,1/2/2025,FALSE,,LETTER,,
3/3/2025,E,D,10,1/2/2025,FALSE,,LETTER,,
3/3/2025,J,T,84,1/8/2025,FALSE,,LETTER,,
3/3/2025,N,W,49,1/2/2025,FALSE,,LETTER,,
3/5/2025,A,C,02,12/31/2024,FALSE,,LETTER,,
3/5/2025,E,B,31,12/30/2024,FALSE,,LETTER,,
3/5/2025,L,F,ARGENTINA,2/25/2025,FALSE,,LETTER,,
3/5/2025,M,M,40,1/10/2025,FALSE,,LETTER,,
3/5/2025,P,A,22,12/27/2024,FALSE,,LETTER,,
3/5/2025,S,N,29,3/1/2025,FALSE,,LETTER,,
3/5/2025,A,D,UK,NULL,FALSE,,LETTER,,
3/5/2025,E,E,06,1/10/2025,FALSE,,LETTER,,
3/5/2025,L,M,71,1/7/2025,FALSE,,LETTER,,
3/5/2025,M,T,58,12/31/2024,FALSE,,LETTER,,
3/5/2025,P,C,41,1/2/2025,FALSE,,LETTER,,
3/5/2025,Y,L,57,1/2/2025,FALSE,,LETTER,,
3/5/2025,B,H,45,1/10/2025,FALSE,,LETTER,,
3/5/2025,H,C,60,2/26/2025,FALSE,,LETTER,,
3/5/2025,M,C,51,12/20/2024,FALSE,,LETTER,,
3/5/2025,N,D,66,2/24/2025,FALSE,,LETTER,,
3/5/2025,P,G,01,12/31/2024,FALSE,,LETTER,,
3/5/2025,B,M,21,1/2/2025,FALSE,,LETTER,,
3/5/2025,J,W,10,2/27/2025,FALSE,,LETTER,,
3/5/2025,M,L,73,1/3/2025,FALSE,,LETTER,,
3/5/2025,N,P,36,2/22/2025,FALSE,,LETTER,,
3/5/2025,R,H,71,1/11/2025,FALSE,,LETTER,,
3/6/2025,F,M,NULL,2/25/2025,FALSE,,LETTER,,
3/6/2025,L,W,48,2/26/2025,FALSE,,LETTER,,
3/6/2025,J,E,32,2/28/2025,FALSE,,LETTER,,
3/6/2025,M,D,72,3/3/2025,FALSE,,LETTER,,
3/6/2025,K,I,UK,2/25/2025,FALSE,,LETTER,,
3/6/2025,M,M,ITALY,2/20/2025,FALSE,,LETTER,,
3/6/2025,L,W,12,2/28/2025,FALSE,,LETTER,,
3/6/2025,T,W,23,2/24/2025,FALSE,,LETTER,,
3/7/2025,J,G,21,2/28/2025,FALSE,,LETTER,,
3/7/2025,K,H,50,2/28/2025,FALSE,,LETTER,,
3/7/2025,M,I,77,3/3/2025,FALSE,,LETTER,,
3/10/2025,B,R,65,1/10/2025,FALSE,,LETTER,,
3/10/2025,J,J,01,1/8/2025,FALSE,,LETTER,,
3/10/2025,L,J,24,1/2/2025,FALSE,,LETTER,,
3/10/2025,R,V,56,1/7/2025,FALSE,,LETTER,,
3/10/2025,B,W,26,1/2/2025,FALSE,,LETTER,,
3/10/2025,J,J,11,12/30/2024,FALSE,,LETTER,,
3/10/2025,M,W,66,12/30/2024,FALSE,,LETTER,,
3/10/2025,S,A,UK,1/6/2025,FALSE,,LETTER,,
3/10/2025,D,A,43,1/10/2025,FALSE,,LETTER,,
3/10/2025,K,V,63,1/7/2025,FALSE,,LETTER,,
3/10/2025,N,C,14,2/27/2025,FALSE,,LETTER,,
3/10/2025,H,C,75,1/10/2025,FALSE,,LETTER,,
3/10/2025,K,G,66,1/2/2025,FALSE,,LETTER,,
3/10/2025,N,R,21,1/2/2025,FALSE,,LETTER,,
3/11/2025,A,A,30,12/23/2024,FALSE,,LETTER,,
3/11/2025,A,R,35,12/30/2024,FALSE,,LETTER,,
3/11/2025,E,S,01,NULL,FALSE,,LETTER,,
3/11/2025,K,K,42,3/5/2025,FALSE,,LETTER,,
3/11/2025,A,L,49,1/2/2025,FALSE,,LETTER,,
3/11/2025,A,W,20,1/2/2025,FALSE,,LETTER,,
3/11/2025,E,V,AUSTRIA,2/24/2025,FALSE,,LETTER,,
3/11/2025,M,B,45,1/3/2025,FALSE,,LETTER,,
3/11/2025,A,M,02,2/28/2025,FALSE,,LETTER,,
3/11/2025,C,N,94,3/6/2025,FALSE,*,LETTER,,
3/11/2025,H,S,21,1/3/2025,FALSE,,LETTER,,
3/11/2025,A,M,79,3/8/2025,FALSE,* ,LETTER,,
3/11/2025,C,N,94,3/6/2025,FALSE,*,LETTER,,
3/11/2025,K,C,15,1/2/2025,FALSE,,LETTER,,
3/12/2025,A,V,01,2/23/2025,FALSE,*,LETTER,,
3/12/2025,C,L,18,1/8/2025,FALSE,,LETTER,,
3/12/2025,K,K,14,1/10/2025,FALSE,,LETTER,,
3/12/2025,M,S,09,1/10/2025,FALSE,,LETTER,,
3/12/2025,S,M,CANADA,NULL,FALSE,,LETTER,,
3/12/2025,B,M,06,1/8/2025,FALSE,,LETTER,,
3/12/2025,E,A,28,1/8/2025,FALSE,,LETTER,,
3/12/2025,K,Y,88,1/8/2025,FALSE,,LETTER,,
3/12/2025,N,W,75,1/8/2025,FALSE,,LETTER,,
3/12/2025,B,N,CANADA,NULL,FALSE,,LETTER,,
3/12/2025,J,M,83,1/8/2025,FALSE,,LETTER,,
3/12/2025,L,P,40,1/10/2025,FALSE,,LETTER,,
3/12/2025,O,I,NORWAY,,FALSE,,LETTER,,
3/12/2025,C,C,66,2/28/2025,FALSE,,LETTER,,
3/12/2025,K,B,07,1/10/2025,FALSE,,LETTER,,
3/12/2025,L,P,AUSTRALIA,NULL,FALSE,,LETTER,,
3/12/2025,S,E,14,1/10/2025,FALSE,,LETTER,,
3/13/2025,B,H,05,NULL,FALSE,,LETTER,,
3/13/2025,J,M,06,12/30/2024,FALSE,,LETTER,,
3/13/2025,M,S,03,12/31/2024,FALSE,,LETTER,,
3/13/2025,T,C,01,12/30/2024,FALSE,,LETTER,,
3/13/2025,B,S,36,1/2/2025,FALSE,,LETTER,,
3/13/2025,J,M,06,12/31/2024,FALSE,,LETTER,,
3/13/2025,S,H,12,12/30/2024,FALSE,,LETTER,,
3/13/2025,E,C,SWITZERLAND,12/27/2024,FALSE,,LETTER,,
3/13/2025,L,W,40,12/31/2024,FALSE,,LETTER,,
3/13/2025,S,J,36,12/27/2024,FALSE,,LETTER,,
3/13/2025,E,R,91,12/30/2024,FALSE,,LETTER,,
3/13/2025,M,H,56,12/31/2024,FALSE,,LETTER,,
3/13/2025,S,M,20,3/2/2025,FALSE,,LETTER,,
3/14/2025,A,R,06,12/31/2024,FALSE,,LETTER,,
3/14/2025,D,P,74,1/4/2025,FALSE,,LETTER,,
3/14/2025,G,L,12,1/8/2025,FALSE,,LETTER,,
3/14/2025,M,M,72,1/11/2025,FALSE,,LETTER,,
3/14/2025,NULL,NULL,NULL,12/24/2024,FALSE,,LETTER,,
3/14/2025,A,S,26,1/10/2025,FALSE,,LETTER,,
3/14/2025,D,NULL,92,1/8/2025,FALSE,,LETTER,,
3/14/2025,J,D,01,1/6/2025,FALSE,,LETTER,,
3/14/2025,M,P,16,12/23/2024,FALSE,,LETTER,,
3/14/2025,NULL,NULL,NULL,1/8/2025,FALSE,,LETTER,,
3/14/2025,B,J,42,1/6/2025,FALSE,,LETTER,,
3/14/2025,E,N,29,1/7/2025,FALSE,,LETTER,,
3/14/2025,J,G,47,1/6/2025,FALSE,,LETTER,,
3/14/2025,N,B,47,1/8/2025,FALSE,,LETTER,,
3/14/2025,D,C,44,1/10/2025,FALSE,,LETTER,,
3/14/2025,E,N,46,NULL,FALSE,,LETTER,,
3/14/2025,J,L,16,1/8/2025,FALSE,,LETTER,,
3/14/2025,S,P,39,1/8/2025,FALSE,,LETTER,,
3/17/2025,A,D,UK,NULL,FALSE,,LETTER,,
3/17/2025,E,C,31,NULL,FALSE,,LETTER,,
3/17/2025,L,P,SPAIN,3/13/2025,FALSE,*,LETTER,,
3/18/2025,A,M,79,3/11/2025,FALSE,,LETTER,,
3/18/2025,A,S,PUERTO RICO,3/13/2025,FALSE,,LETTER,,
3/18/2025,A,T,53,3/10/2025,FALSE,,LETTER,,
3/18/2025,B,B,50,3/14/2025,FALSE,,LETTER,,
3/19/2025,A,H,17,1/4/2025,FALSE,,LETTER,,
3/19/2025,C,G,72,3/4/2025,FALSE,*,LETTER,,
3/19/2025,M,R,50,1/2/2025,FALSE,,LETTER,,
3/19/2025,A,R,90,1/2/2025,FALSE,,LETTER,,
3/19/2025,E,S,06,12/30/2024,FALSE,,LETTER,,
3/19/2025,N,J,23,1/3/2025,FALSE,,LETTER,,
3/19/2025,A,NULL,01,1/2/2025,FALSE,,LETTER,,
3/19/2025,F,L,CANADA,NULL,FALSE,,LETTER,,
3/19/2025,S,N,78,3/15/2025,FALSE,,LETTER,,
3/19/2025,B,G,03,3/4/2025,FALSE,,LETTER,,
3/19/2025,K,G,66,1/3/2025,FALSE,,LETTER,,
3/20/2025,A,L,59,1/7/2025,FALSE,,LETTER,,
3/20/2025,J,N,04,1/9/2025,FALSE,,LETTER,,
3/20/2025,M,S,70,1/11/2025,FALSE,,LETTER,,
3/20/2025,S,C,UK,2/12/2025,FALSE,,LETTER,,
3/20/2025,NULL,NULL,02,12/28/2024,FALSE,,LETTER,,
3/20/2025,C,A,53,1/10/2025,FALSE,,LETTER,,
3/20/2025,K,L,03,1/8/2025,FALSE,,LETTER,,
3/20/2025,Q,M,05,1/10/2025,FALSE,,LETTER,,
3/20/2025,S,T,71,1/10/2025,FALSE,,LETTER,,
3/20/2025,NULL,NULL,38,1/10/2025,FALSE,,LETTER,,
3/20/2025,F,C,21,1/7/2025,FALSE,,LETTER,,
3/20/2025,K,T,80,12/30/2024,FALSE,,LETTER,,
3/20/2025,R,G,47,1/10/2025,FALSE,,LETTER,,
3/20/2025,V,M,01,1/7/2025,FALSE,,LETTER,,
3/20/2025,J,C,51,1/10/2025,FALSE,,LETTER,,
3/20/2025,M,C,87,1/7/2025,FALSE,,LETTER,,
3/20/2025,S,B,19,1/7/2025,FALSE,,LETTER,,
3/20/2025,W,L,13,1/8/2025,FALSE,,LETTER,,
3/21/2025,A,O,03,3/3/2025,FALSE,,LETTER,,
3/21/2025,D,G,38,3/5/2025,FALSE,,LETTER,,
3/21/2025,H,NULL,13,1/10/2025,FALSE,,LETTER,,
3/21/2025,K,E,TURKEY,NULL,FALSE,,LETTER,,
3/21/2025,N,A,12,1/10/2025,FALSE,,LETTER,,
3/21/2025,S,L,34,3/6/2025,FALSE,,LETTER,,
3/21/2025,A,R,09,3/5/2025,FALSE,,LETTER,,
3/21/2025,D,S,CANADA,12/31/2024,FALSE,*,LETTER,,
3/21/2025,J,B,38,3/3/2025,FALSE,,LETTER,,
3/21/2025,L,B,01,1/10/2025,FALSE,,LETTER,,
3/21/2025,N,G,88,3/6/2025,FALSE,,LETTER,,
3/21/2025,C,A,53,1/10/2025,FALSE,,LETTER,,
3/21/2025,E,P,15,1/10/2025,FALSE,,LETTER,,
3/21/2025,J,K,09,3/6/2025,FALSE,,LETTER,,
3/21/2025,M,B,07,1/7/2025,FALSE,,LETTER,,
3/21/2025,S,B,NULL,3/5/2025,FALSE,,LETTER,,
3/21/2025,C,J,01,3/5/2025,FALSE,,LETTER,,
3/21/2025,H,G,56,3/3/2025,FALSE,,LETTER,,
3/21/2025,K,B,12,1/10/2025,FALSE,,LETTER,,
3/21/2025,M,S,CANADA,1/7/2025,FALSE,*,LETTER,,
3/21/2025,S,H,38,1/7/2025,FALSE,,LETTER,,
3/24/2025,B,C,01,1/8/2025,FALSE,,LETTER,,
3/24/2025,H,D,10,1/11/2025,FALSE,,LETTER,,
3/24/2025,L,M,70,1/11/2025,FALSE,,LETTER,,
3/24/2025,N,N,14,NULL,FALSE,,LETTER,,
3/24/2025,B,L,38,1/8/2025,FALSE,,LETTER,,
3/24/2025,J,J,01,1/8/2025,FALSE,,LETTER,,
3/24/2025,M,P,34,1/10/2025,FALSE,,LETTER,,
3/24/2025,S,M,02,1/11/2025,FALSE,,LETTER,,
3/24/2025,C,A,05,1/10/2025,FALSE,,LETTER,,
3/24/2025,K,F,51,1/11/2025,FALSE,,LETTER,,
3/24/2025,N,N,03,1/10/2025,FALSE,,LETTER,,
3/24/2025,C,B,SWEDEN,3/1/2025,FALSE,*,LETTER,,
3/24/2025,K,S,89,NULL,FALSE,,LETTER,,
3/24/2025,N,N,14,1/4/2025,FALSE,,LETTER,,
3/25/2025,A,R,56,1/11/2025,FALSE,,LETTER,,
3/25/2025,H,B,38,1/10/2025,FALSE,,LETTER,,
3/25/2025,K,K,GERMANY,NULL,FALSE,,LETTER,,
3/25/2025,M,R,SLOVAKIA,,FALSE,,LETTER,,
3/25/2025,S,G,10,,FALSE,,LETTER,,
3/25/2025,V,M,UK,,FALSE,,LETTER,,
3/25/2025,B,T,58,,FALSE,,LETTER,,
3/25/2025,J,G,31,1/11/2025,FALSE,,LETTER,,
3/25/2025,L,G,14,1/11/2025,FALSE,,LETTER,,
3/25/2025,N,N,77,1/10/2025,FALSE,,LETTER,,
3/25/2025,S,Z,25,1/10/2025,FALSE,,LETTER,,
3/25/2025,NULL,NULL,FRANCE,12/30/2024,FALSE,,LETTER,,
3/25/2025,D,U,05,1/11/2025,FALSE,,LETTER,,
3/25/2025,K,C,05,1/7/2025,FALSE,,LETTER,,
3/25/2025,L,R,25,1/10/2025,FALSE,,LETTER,,
3/25/2025,P,P,SWEDEN,3/4/2025,FALSE,,LETTER,,
3/25/2025,T,L,UK,3/16/2025,FALSE,,LETTER,,
3/25/2025,E,O,33,1/11/2025,FALSE,,LETTER,,
3/25/2025,K,D,16,1/11/2025,FALSE,,LETTER,,
3/25/2025,M,L,38,1/8/2025,FALSE,,LETTER,,
3/25/2025,S,B,03,1/8/2025,FALSE,,LETTER,,
3/25/2025,T,R,30,3/4/2025,FALSE,,LETTER,,
3/26/2025,A,M,06,1/10/2025,FALSE,,LETTER,,
3/26/2025,C,K,JAPAN,1/11/2025,FALSE,,LETTER,,
3/26/2025,I,S,ITALY,12/30/2024,FALSE,,LETTER,,
3/26/2025,M,M,NULL,12/28/2024,FALSE,,LETTER,,
3/26/2025,NULL,NULL,NETHERLANDS,NULL,FALSE,,LETTER,,
3/26/2025,A,P,62,1/10/2025,FALSE,,LETTER,,
3/26/2025,D,K,85,1/6/2025,FALSE,,LETTER,,
3/26/2025,J,V,22,1/7/2025,FALSE,,LETTER,,
3/26/2025,S,L,ITALY,12/27/2025,FALSE,,LETTER,,
3/26/2025,B,J,41,1/6/2025,FALSE,,LETTER,,
3/26/2025,E,G,TAIWAN,12/23/2024,FALSE,,LETTER,,
3/26/2025,K,W,04,1/10/2025,FALSE,,LETTER,,
3/26/2025,Z,P,34,1/10/2025,FALSE,,LETTER,,
3/26/2025,C,C,80,12/21/2025,FALSE,,LETTER,,
3/26/2025,H,B,38,1/10/2025,FALSE,,LETTER,,
3/26/2025,L,H,13,1/6/2025,FALSE,,LETTER,,
3/26/2025,NULL,NULL,GERMANY,1/1/2025,FALSE,,LETTER,,
3/27/2025,A,S,16,1/10/2025,FALSE,,LETTER,,
3/27/2025,J,M,06,1/8/2025,FALSE,,LETTER,,
3/27/2025,L,G,20,12/28/2024,FALSE,,LETTER,,
3/27/2025,R,L,86,1/10/2025,FALSE,,LETTER,,
3/27/2025,T,C,87,1/10/2025,FALSE,,LETTER,,
3/27/2025,B,L,22,1/6/2025,FALSE,*,LETTER,,
3/27/2025,K,M,64,1/11/2025,FALSE,,LETTER,,
3/27/2025,L,K,03,3/24/2025,FALSE,,LETTER,,
3/27/2025,R,M,24,1/10/2025,FALSE,,LETTER,,
3/27/2025,D,NULL,92,1/8/2025,FALSE,,LETTER,,
3/27/2025,K,S,02,1/8/2025,FALSE,,LETTER,,
3/27/2025,M,NULL,36,1/10/2025,FALSE,,LETTER,,
3/27/2025,S,F,IRELAND,2/1/2025,FALSE,*,LETTER,,
3/27/2025,F,B,GERMANY,12/27/2024,FALSE,,LETTER,,
3/27/2025,K,T,44,1/6/2025,FALSE,,LETTER,,
3/27/2025,R,O,73,1/6/2025,FALSE,,LETTER,,
3/27/2025,S,N,29,3/25/2025,FALSE,,LETTER,,
3/28/2025,A,NULL,02,NULL,FALSE,,POSTCARD,,
3/28/2025,B,P,04,3/12/2025,FALSE,,POSTCARD,,
3/28/2025,H,NULL,25,2/25/2025,FALSE,,POSTCARD,,
3/28/2025,P,V,ARMENIA,NULL,FALSE,,POSTCARD,,
3/28/2025,NULL,NULL,CANADA,NULL,FALSE,,POSTCARD,,
3/28/2025,NULL,NULL,CANADA,NULL,FALSE,,POSTCARD,,
3/28/2025,NULL,NULL,CANADA,NULL,FALSE,,POSTCARD,,
3/28/2025,NULL,NULL,CANADA,NULL,FALSE,,POSTCARD,,
3/28/2025,NULL,NULL,CANADA,NULL,FALSE,,POSTCARD,,
3/28/2025,A,NULL,60,2/10/2025,FALSE,,POSTCARD,,
3/28/2025,C,NULL,NULL,3/14/2025,FALSE,,POSTCARD,,
3/28/2025,H,NULL,25,2/25/2025,FALSE,,POSTCARD,,
3/28/2025,S,M,15,3/13/2025,FALSE,*  ,POSTCARD,,
3/28/2025,A,NULL,NULL,3/21/2025,FALSE,,POSTCARD,,
3/28/2025,D,NULL,NULL,3/12/2025,FALSE,,POSTCARD,,
3/28/2025,M,B,,3/14/2025,FALSE,*,POSTCARD,,
3/28/2025,T,Y,,3/15/2025,FALSE,,POSTCARD,,
3/28/2025,A,NULL,NULL,3/24/2025,FALSE,,POSTCARD,,
3/28/2025,F,S,07,1/27/2025,FALSE,,POSTCARD,,
3/28/2025,M,S,85,3/13/2025,FALSE,,POSTCARD,,
3/28/2025,T,NULL,NULL,3/20/2025,FALSE,,POSTCARD,,
3/29/2025,A,C,10,3/11/2025,FALSE,*,LETTER,,
3/29/2025,C,K,JAPAN,3/12/2025,FALSE,,LETTER,,
3/29/2025,K,W,AUSTRALIA,1/3/2025,FALSE,*,LETTER,,
3/29/2025,N,A,AUSTRALIA,NULL,FALSE,,LETTER,,
3/29/2025,R,M,NULL,3/14/2025,FALSE,,LETTER,,
3/29/2025,A,C,61,3/14/2025,FALSE,,LETTER,,
3/29/2025,K,B,BRAZIL,3/5/2025,FALSE,,LETTER,,
3/29/2025,L,L,PUERTO RICO,3/17/2025,FALSE,,LETTER,,
3/29/2025,N,C,22,3/17/2025,FALSE,,LETTER,,
3/29/2025,S,NULL,20,1/8/2025,FALSE,,LETTER,,
3/29/2025,A,L,BRAZIL,3/10/2025,FALSE,,LETTER,,
3/29/2025,K,K,51,3/15/2025,FALSE,,LETTER,,
3/29/2025,P,A,32,3/19/2025,FALSE,,LETTER,,
3/29/2025,X,S,MEXICO,3/6/2025,FALSE,,LETTER,,
3/29/2025,A,T,46,3/14/2025,FALSE,*,LETTER,,
3/29/2025,K,O,82,3/10/2025,FALSE,,LETTER,,
3/29/2025,M,F,BRAZIL,3/5/2025,FALSE,,LETTER,,
3/29/2025,R,C,38,3/15/2025,FALSE,,LETTER,,
3/29/2025,Y,A,01,3/17/2025,FALSE,,LETTER,,
3/31/2025,A,H,09,3/24/2025,FALSE,,LETTER,,
3/31/2025,A,T,55,3/26/2025,FALSE,,LETTER,,
3/31/2025,D,S,CANADA,2/26/2025,FALSE,,LETTER,,
3/31/2025,G,M,15,3/6/2025,FALSE,,LETTER,,
3/31/2025,J,T,59,3/6/2025,FALSE,,LETTER,,
3/31/2025,T,S,GUYANA,NULL,FALSE,,LETTER,,
3/31/2025,A,M,08,3/5/2025,FALSE,,LETTER,,
3/31/2025,A,T,55,3/26/2025,FALSE,,LETTER,,
3/31/2025,E,C,70,3/26/2025,FALSE,,LETTER,,
3/31/2025,I,V,31,1/2/2025,FALSE,,LETTER,,
3/31/2025,L,C,62,1/2/2025,FALSE,,LETTER,,
3/31/2025,V,T,01,NULL,FALSE,,LETTER,,
3/31/2025,A,M,BRAZIL,3/13/2025,FALSE,,LETTER,,
3/31/2025,C,D,02,3/24/2025,FALSE,,LETTER,,
3/31/2025,G,B,BRAZIL,1/13/2025,FALSE,,LETTER,,
3/31/2025,J,F,BRAZIL,12/24/2024,FALSE,,LETTER,,
3/31/2025,L,J,02,12/16/2024,FALSE, ,LETTER,TRUE,
3/31/2025,A,O,IRELAND,1/11/2025,FALSE,,LETTER,,
3/31/2025,C,K,JAPAN,1/7/2025,FALSE,,LETTER,,
3/31/2025,G,H,26,3/4/2025,FALSE,,LETTER,,
3/31/2025,J,G,23,1/2/2025,FALSE,,LETTER,,
3/31/2025,N,L,17,1/15/2025,FALSE,,LETTER,,
4/1/2025,A,D,UK,NULL,FALSE,,LETTER,,
4/1/2025,C,K,JAPAN,4/1/2025,FALSE,,LETTER,,
4/1/2025,K,R,51,1/10/2025,FALSE,,LETTER,,
4/1/2025,N,N,23,1/7/2025,FALSE,,LETTER,,
4/1/2025,Y,B,CANADA,3/14/2025,FALSE,,LETTER,,
4/1/2025,A,L,32,1/8/2025,FALSE,,LETTER,,
4/1/2025,F,L,06,1/10/2025,FALSE,,LETTER,,
4/1/2025,L,B,32,3/28/2025,FALSE,,LETTER,,
4/1/2025,O,K,21,1/6/2025,FALSE,,LETTER,,
4/1/2025,A,M,38,12/23/2024,FALSE,,LETTER,,
4/1/2025,J,G,AUSTRALIA,3/8/2025,FALSE,,LETTER,,
4/1/2025,M,C,32,1/6/2025,FALSE,,LETTER,,
4/1/2025,P,R,04,1/7/2025,FALSE,,LETTER,,
4/1/2025,A,P,TURKEY,NULL,FALSE,,LETTER,,
4/1/2025,J,H,29,4/1/2025,FALSE,,LETTER,,
4/1/2025,M,R,94,1/7/2025,FALSE,,LETTER,,
4/1/2025,R,N,17,1/10/2025,FALSE,,LETTER,,
4/2/2025,A,B,47,1/8/2025,FALSE,,LETTER,,
4/2/2025,A,G,06,1/8/2025,FALSE,,LETTER,,
4/2/2025,A,L,18,1/10/2025,FALSE,,LETTER,,
4/2/2025,B,S,PORTUGAL,1/2/2025,FALSE,*,LETTER,,
4/2/2025,C,L,60,1/10/2025,FALSE,,LETTER,,
4/2/2025,C,S,40,1/10/2025,FALSE,,LETTER,,
4/2/2025,D,R,31,12/22/2024,FALSE,*,LETTER,,
4/2/2025,E,R,65,1/10/2025,FALSE,,LETTER,,
4/2/2025,G,K,11,1/7/2025,FALSE,,LETTER,,
4/2/2025,I,L,45,1/8/2025,FALSE,,LETTER,,
4/2/2025,J,L,79,1/7/2025,FALSE,,LETTER,,
4/2/2025,K,H,66,1/8/2025,FALSE,*,LETTER,,
4/2/2025,L,A,ENGLAND,NULL,FALSE,,LETTER,,
4/2/2025,L,O,ENGLAND,12/24/2024,FALSE,,LETTER,,
4/2/2025,M,H,56,1/7/2025,FALSE,,LETTER,,
4/2/2025,A,C,ALBANIA,3/11/2025,FALSE,*,LETTER,,
4/2/2025,A,M,25,1/7/2025,FALSE,,LETTER,,
4/2/2025,C,C,BRAZIL,2/17/2025,FALSE,,LETTER,,
4/2/2025,C,M,02,1/8/2025,FALSE,,LETTER,,
4/2/2025,D,B,44,1/7/2025,FALSE,,LETTER,,
4/2/2025,E,H,12,1/7/2025,FALSE,,LETTER,,
4/2/2025,F,R,PORTUGAL,1/2/2025,FALSE,,LETTER,,
4/2/2025,G,V,06,1/8/2025,FALSE,,LETTER,,
4/2/2025,J,B,12,1/8/2025,FALSE,,LETTER,,
4/2/2025,J,M,08,1/7/2025,FALSE,,LETTER,,
4/2/2025,K,K,01,1/11/2025,FALSE,,LETTER,,
4/2/2025,L,B,82,1/7/2025,FALSE,,LETTER,,
4/2/2025,L,P,10,1/10/2025,FALSE,,LETTER,,
4/2/2025,M,M,04,1/10/2025,FALSE,,LETTER,,
4/2/2025,A,D,20,1/8/2025,FALSE,,LETTER,,
4/2/2025,A,H,01,1/10/2025,FALSE,,LETTER,,
4/2/2025,A,W,10,1/8/2025,FALSE,,LETTER,,
4/2/2025,C,M,26,1/7/2025,FALSE,,LETTER,,
4/2/2025,D,F,57,1/7/2025,FALSE,,LETTER,,
4/2/2025,F,S,07,1/31/2025,TRUE,,LETTER,,
4/2/2025,G,W,23,1/10/2025,FALSE,,LETTER,,
4/2/2025,J,D,03,1/6/2025,FALSE,,LETTER,,
4/2/2025,J,P,62,1/11/2025,FALSE,,LETTER,,
4/2/2025,K,O,29,12/28/2024,FALSE,,LETTER,,
4/2/2025,L,H,13,1/7/2025,FALSE,,LETTER,,
4/2/2025,L,P,23,1/7/2025,FALSE,,LETTER,,
4/2/2025,M,M,40,1/8/2025,FALSE,,LETTER,,
4/2/2025,A,D,41,1/7/2025,FALSE,,LETTER,,
4/2/2025,A,J,31,1/10/2025,FALSE,,LETTER,,
4/2/2025,B,M,14,1/7/2025,FALSE,,LETTER,,
4/2/2025,C,F,PORTUGAL,1/2/2025,FALSE,,LETTER,,
4/2/2025,C,S,06,3/11/2025,FALSE,,LETTER,,
4/2/2025,D,G,27,1/8/2025,FALSE,,LETTER,,
4/2/2025,E,H,12,1/6/2025,FALSE,*,LETTER,,
4/2/2025,G,B,CANADA,NULL,FALSE,,LETTER,,
4/2/2025,H,O,81,1/10/2025,FALSE,,LETTER,,
4/2/2025,J,K,04,1/11/2025,FALSE,,LETTER,,
4/2/2025,J,P,93,1/8/2025,FALSE,,LETTER,,
4/2/2025,K,V,CANADA,1/7/2025,FALSE,*,LETTER,,
4/2/2025,L,H,38,12/21/2024,FALSE,,LETTER,,
4/2/2025,M,C,62,1/8/2025,FALSE,,LETTER,,
4/2/2025,M,O,BRAZIL,2/13/2025,FALSE,,LETTER,,
4/2/2025,M,O,BRAZIL,2/21/2025,FALSE,*,LETTER,,
4/2/2025,M,S,45,1/7/2025,FALSE,,LETTER,,
4/2/2025,P,K,76,1/10/2025,FALSE,,LETTER,,
4/2/2025,S,S,03,1/10/2025,FALSE,,LETTER,,
4/2/2025,T,R,MALAYSIA,1/18/2025,FALSE,*,LETTER,,
4/2/2025,M,S,83,1/8/2025,FALSE,,LETTER,,
4/2/2025,P,A,82,1/8/2025,FALSE,,LETTER,,
4/2/2025,S,B,34,1/5/2025,FALSE,*,LETTER,,
4/2/2025,S,S,16,1/6/2025,FALSE,,LETTER,,
4/2/2025,N,A,SPAIN,12/20/2024,FALSE,,LETTER,,
4/2/2025,P,B,29,1/7/2025,FALSE,,LETTER,,
4/2/2025,S,G,01,1/7/2025,FALSE,,LETTER,,
4/2/2025,S,G,06,1/7/2025,FALSE,,LETTER,,
4/2/2025,V,V,58,1/7/2025,FALSE,,LETTER,,
4/2/2025,N,L,08,3/10/2025,FALSE,,LETTER,,
4/2/2025,P,D,05,1/7/2025,FALSE,,LETTER,,
4/2/2025,S,G,23,1/7/2025,FALSE,,LETTER,,
4/2/2025,T,G,78,1/10/2025,FALSE,,LETTER,,
4/2/2025,NULL,NULL,40,1/8/2025,FALSE,,LETTER,,
4/3/2025,A,H,01,12/24/2024,FALSE,,LETTER,,
4/3/2025,A,T,46,3/31/2025,FALSE,,LETTER,,
4/3/2025,Q,L,55,1/10/2025,FALSE,,LETTER,,
4/3/2025,A,H,77,1/10/2025,FALSE,,LETTER,,
4/3/2025,I,P,URUGUAY,NULL,FALSE,,LETTER,,
4/3/2025,S,G,48,12/23/2024,FALSE,,LETTER,,
4/3/2025,A,P,24,1/7/2025,FALSE,,LETTER,,
4/3/2025,I,NULL,71,12/26/2024,FALSE,,LETTER,,
4/3/2025,S,Z,25,1/10/2025,FALSE,,LETTER,,
4/3/2025,A,S,19,1/8/2025,FALSE,,LETTER,,
4/3/2025,N,K,05,12/23/2024,FALSE,,LETTER,,
4/4/2025,A,A,02,NULL,FALSE,,LETTER,,
4/4/2025,A,K,59,3/10/2025,FALSE,,LETTER,,
4/4/2025,J,G,06,1/22/2025,FALSE,,LETTER,,
4/4/2025,T,S,98,1/25/2025,FALSE,,LETTER,,
4/4/2025,A,B,18,1/6/2025,FALSE,,LETTER,,
4/4/2025,B,NULL,09,3/11/2025,FALSE,,LETTER,,
4/4/2025,K,H,17,3/28/2025,FALSE,*,LETTER,,
4/4/2025,T,Z,CHINA,3/20/2025,FALSE,,LETTER,,
4/4/2025,A,B,62,1/25/2025,FALSE,,LETTER,,
4/4/2025,I,A,04,3/10/2025,FALSE,,LETTER,,
4/4/2025,N,S,76,1/10/2025,FALSE,,LETTER,,
4/4/2025,A,K,50,3/10/2025,FALSE,,LETTER,,
4/4/2025,I,H,55,3/29/2025,FALSE,,LETTER,,
4/4/2025,R,L,03,3/10/2025,FALSE,,LETTER,,
4/7/2025,A,H,19,12/26/2024,FALSE,,LETTER,,
4/7/2025,C,J,16,4/1/2025,FALSE,,LETTER,,
4/7/2025,E,W,59,12/27/2024,FALSE,,LETTER,,
4/7/2025,J,B,CANADA,NULL,FALSE,,LETTER,,
4/7/2025,J,M,03,12/24/2024,FALSE,,LETTER,,
4/7/2025,K,K,77,12/26/2024,FALSE,,LETTER,,
4/7/2025,M,I,96,12/23/2024,FALSE,,LETTER,,
4/7/2025,R,B,20,1/7/2025,FALSE,,LETTER,,
4/7/2025,T,S,16,12/26/2024,FALSE,,LETTER,,
4/7/2025,A,K,66,1/6/2025,FALSE,,LETTER,,
4/7/2025,C,R,17,1/7/2025,FALSE,,LETTER,,
4/7/2025,G,C,42,12/27/2024,FALSE,,LETTER,,
4/7/2025,J,H,01,4/2/2025,FALSE,,LETTER,,
4/7/2025,J,T,09,12/27/2024,FALSE,,LETTER,,
4/7/2025,K,N ,01,1/7/2025,FALSE,,LETTER,,
4/7/2025,M,K,27,1/3/2025,FALSE,,LETTER,,
4/7/2025,R,B,53,12/24/2024,FALSE,,LETTER,,
4/7/2025,Y,V,68,3/28/2025,FALSE,,LETTER,,
4/7/2025,A,T,31,12/27/2024,FALSE,,LETTER,,
4/7/2025,E,M,72,12/23/2024,FALSE,,LETTER,,
4/7/2025,H,B,21,1/6/2025,FALSE,,LETTER,,
4/7/2025,J,H,26,1/6/2025,FALSE,,LETTER,,
4/7/2025,J,Y,01,1/3/2025,FALSE,*,LETTER,,
4/7/2025,K,Y,88,12/26/2024,FALSE,,LETTER,,
4/7/2025,N,H,47,NULL,FALSE,,LETTER,,
4/7/2025,S,A,03,12/24/2024,FALSE,*,LETTER,,
4/7/2025,NULL,NULL,01,12/27/2024,FALSE,,LETTER,,
4/7/2025,C,A,31,12/27/2024,FALSE,,LETTER,,
4/7/2025,E,S,88,12/24/2024,FALSE,,LETTER,,
4/7/2025,I,W,17,12/25/2024,FALSE,,LETTER,,
4/7/2025,J,I,26,NULL,FALSE,,LETTER,,
4/7/2025,K,J,88,12/24/2024,FALSE,,LETTER,,
4/7/2025,L,NULL,CANADA,1/4/2025,FALSE,*,LETTER,,
4/7/2025,N,W,01,12/23/2024,FALSE,,LETTER,,
4/7/2025,S,V,10,12/23/2024,FALSE,,LETTER,,
4/7/2025,NULL,NULL,NETHERLANDS,12/24/2024,FALSE,,LETTER,,
4/8/2025,A,C,43,3/10/2025,FALSE,,LETTER,,
4/8/2025,A,M,08,3/4/2025,FALSE,*,LETTER,,
4/8/2025,C,M,26,3/27/2025,FALSE,,LETTER,,
4/8/2025,E,H,10,3/10/2025,FALSE,,LETTER,,
4/8/2025,F,T,14,12/24/2024,FALSE,,LETTER,,
4/8/2025,K,A,10,12/28/2024,FALSE,,LETTER,,
4/8/2025,A,F,29,12/23/2024,FALSE,,LETTER,,
4/8/2025,A,R,25,3/28/2025,FALSE,,LETTER,,
4/8/2025,D,L,31,3/7/2025,FALSE,,LETTER,,
4/8/2025,E,H,57,3/10/2025,FALSE,,LETTER,,
4/8/2025,G,L,07,3/10/2025,FALSE,,LETTER,,
4/8/2025,K,B,13,3/29/2025,FALSE,,LETTER,,
4/8/2025,A,G,12,3/7/2025,FALSE,,LETTER,,
4/8/2025,B,L,02,3/10/2025,FALSE,*,LETTER,,
4/8/2025,E,B,50,3/29/2025,FALSE,,LETTER,,
4/8/2025,E,R,20,12/26/2024,FALSE,,LETTER,,
4/8/2025,J,K,09,3/10/2025,FALSE,,LETTER,,
4/8/2025,K,C,58,3/10/2025,FALSE,,LETTER,,
4/8/2025,A,L,15,3/29/2025,FALSE,,LETTER,,
4/8/2025,C,D,IRELAND,1/19/2025,FALSE,*,LETTER,,
4/8/2025,E,G,81,3/6/2025,FALSE,,LETTER,,
4/8/2025,E,S,23,3/29/2025,FALSE,,LETTER,,
4/8/2025,J,S,38,3/10/2025,FALSE,,LETTER,,
4/8/2025,K,D,01,3/28/2025,FALSE,,LETTER,,
4/8/2025,L,B,07,12/24/2024,FALSE,,LETTER,,
4/8/2025,L,L,50,3/8/2025,FALSE,,LETTER,,
4/8/2025,M,L,CANADA,1/2/2025,FALSE,*,LETTER,,
4/8/2025,N,T,49,3/10/2025,FALSE,,LETTER,,
4/8/2025,R,K,48,1/10/2025,FALSE,,LETTER,,
4/8/2025,S,R,10,3/10/2025,FALSE,,LETTER,,
4/8/2025,V,P,21,12/27/2024,FALSE,,LETTER,,
4/8/2025,Z,Q,78,12/24/2024,FALSE,,LETTER,,
4/8/2025,L,D,65,3/28/2025,FALSE,,LETTER,,
4/8/2025,M, C,05,12/27/2024,FALSE,,LETTER,,
4/8/2025,P,S,06,1/22/2025,FALSE,,LETTER,,
4/8/2025,S,G,32,3/27/2025,FALSE,*,LETTER,,
4/8/2025,S,S,UK,2/25/2025,FALSE,,LETTER,,
4/8/2025,V,P,41,12/23/2024,FALSE,,LETTER,,
4/8/2025,NULL,NULL,FRANCE,3/3/2025,FALSE,,LETTER,,
4/8/2025,M,P,63,12/23/2024,FALSE,,LETTER,,
4/8/2025,L,E,11,1/7/2025,FALSE,,LETTER,,
4/8/2025,N,F,NETHERLANDS,3/2/2025,FALSE,*,LETTER,,
4/8/2025,P,T,17,3/7/2025,FALSE,,LETTER,,
4/8/2025,S,M,IRELAND,3/7/2025,FALSE,,LETTER,,
4/8/2025,S,H,04,12/28/2024,FALSE,,LETTER,,
4/8/2025,W,L,13,3/29/2025,FALSE,,LETTER,,
4/8/2025,L,G,62,3/29/2025,FALSE,,LETTER,,
4/8/2025,M,G,74,12/23/2024,FALSE,,LETTER,,
4/8/2025,N,K,42,12/24/2024,FALSE,,LETTER,,
4/8/2025,P,V,41,12/28/2024,FALSE,,LETTER,,
4/8/2025,S,R,10,3/10/2025,FALSE,,LETTER,,
4/8/2025,T,U,04,3/28/2025,FALSE,,LETTER,,
4/8/2025,Y,A,01,12/23/2024,FALSE,,LETTER,,
4/9/2025,A,C,23,3/27/2025,FALSE,,LETTER,,
4/9/2025,A,A,30,12/21/2024,FALSE,,LETTER,,
4/9/2025,A,T,49,12/24/2024,FALSE,,LETTER,,
4/9/2025,C,H,06,12/24/2024,FALSE,,LETTER,,
4/9/2025,C,R,85,12/23/2024,FALSE,,LETTER,,
4/9/2025,E,C,70,3/10/2025,FALSE,,LETTER,,
4/9/2025,G,A,04,3/10/2025,FALSE,,LETTER,,
4/9/2025,G,S,31,3/10/2025,FALSE,,LETTER,,
4/9/2025,H,NULL,04,12/21/2024,FALSE,,LETTER,,
4/9/2025,J,F,10,3/28/2025,FALSE,,LETTER,,
4/9/2025,K,D,UK,3/20/2025,FALSE,*,LETTER,,
4/9/2025,L,B,31,12/23/2024,FALSE,,LETTER,,
4/9/2025,M,A,72,3/8/2025,FALSE,,LETTER,,
4/9/2025,M,H,05,12/23/2024,FALSE,,LETTER,,
4/9/2025,M,P,05,12/23/2024,FALSE,,LETTER,,
4/9/2025,N,N,29,3/27/2025,FALSE,,LETTER,,
4/9/2025,S,B,64,2/28/2025,FALSE,*,LETTER,,
4/9/2025,T,P,33,12/23/2024,FALSE,,LETTER,,
4/9/2025,A,H,30,4/4/2025,FALSE,,LETTER,,
4/9/2025,A,S,34,12/21/2024,FALSE,,LETTER,,
4/9/2025,B,B,01,12/23/2024,FALSE,,LETTER,,
4/9/2025,C,M,02,12/23/2024,FALSE,,LETTER,,
4/9/2025,C,S,04,12/23/2024,FALSE,,LETTER,,
4/9/2025,E,S,23,3/27/2025,FALSE,,LETTER,,
4/9/2025,G,F,48,3/27/2025,FALSE,,LETTER,,
4/9/2025,H,E,21,3/29/2025,FALSE,,LETTER,,
4/9/2025,J,A,21,3/28/2025,FALSE,,LETTER,,
4/9/2025,J,J,07,3/27/2025,FALSE,,LETTER,,
4/9/2025,K,H,58,3/8/2025,FALSE,,LETTER,,
4/9/2025,L,H,08,12/23/2024,FALSE,,LETTER,,
4/9/2025,M,A,72,3/8/2025,FALSE,,LETTER,,
4/9/2025,M,L,38,12/23/2024,FALSE,,LETTER,,
4/9/2025,M,W,65,12/24/2024,FALSE,,LETTER,,
4/9/2025,N,S,23,3/10/2025,FALSE,,LETTER,,
4/9/2025,S,M,CANADA,NULL,FALSE,,LETTER,,
4/9/2025,T,T,03,3/29/2025,FALSE,,LETTER,,
4/9/2025,A,H,99,3/10/2025,FALSE,,LETTER,,
4/9/2025,A,S,85,12/23/2024,FALSE,,LETTER,,
4/9/2025,B,L,02,3/28/2025,FALSE,,LETTER,,
4/9/2025,C,M,22,3/26/2025,FALSE,,LETTER,,
4/9/2025,D,K,10,3/10/2025,FALSE,,LETTER,,
4/9/2025,E,S,65,3/27/2025,FALSE,,LETTER,,
4/9/2025,G,G,57,12/24/2024,FALSE,,LETTER,,
4/9/2025,H,R,05,4/4/2025,FALSE,,LETTER,,
4/9/2025,J,B,06,3/29/2025,FALSE,,LETTER,,
4/9/2025,J,K,01,12/21/2024,FALSE,,LETTER,,
4/9/2025,K,M,20,3/10/2025,FALSE,,LETTER,,
4/9/2025,L,W,17,3/27/2025,FALSE,,LETTER,,
4/9/2025,M,B,CANADA,4/5/2025,FALSE,,LETTER,,
4/9/2025,M,L,54,3/10/2025,FALSE,,LETTER,,
4/9/2025,N,A,98,3/10/2025,FALSE,,LETTER,,
4/9/2025,R,G,50,3/29/2025,FALSE,,LETTER,,
4/9/2025,S,P,23,3/28/2025,FALSE,,LETTER,,
4/9/2025,T,T,62,3/10/2025,FALSE,,LETTER,,
4/9/2025,A,R,25,12/23/2024,FALSE,,LETTER,,
4/9/2025,A,T,06,12/23/2024,FALSE,,LETTER,,
4/9/2025,B,R,65,3/28/2025,FALSE,,LETTER,,
4/9/2025,C,M,58,3/24/2025,FALSE,*,LETTER,,
4/9/2025,D,R,63,12/23/2024,FALSE,,LETTER,,
4/9/2025,F,M,01,4/5/2025,FALSE,,LETTER,,
4/9/2025,G,J,02,3/8/2025,FALSE,,LETTER,,
4/9/2025,H,S,21,4/4/2025,FALSE,,LETTER,,
4/9/2025,J,B,34,3/10/2025,FALSE,,LETTER,,
4/9/2025,J,K,09,3/29/2025,FALSE,,LETTER,,
4/9/2025,L,B,26,3/10/2025,FALSE,,LETTER,,
4/9/2025,L,NULL,87,12/21/2024,FALSE,,LETTER,,
4/9/2025,M,C,20,12/24/2024,FALSE,,LETTER,,
4/9/2025,M,P,04,12/24/2024,FALSE,,LETTER,,
4/9/2025,N,M,14,4/4/2025,FALSE,,LETTER,,
4/9/2025,R,NULL,02,12/23/2024,FALSE,,LETTER,,
4/9/2025,T,L,33,12/23/2024,FALSE,,LETTER,,
4/10/2025,A,B,06,12/23/2024,FALSE,,LETTER,,
4/10/2025,E,R,20,12/23/2024,FALSE,,LETTER,,
4/10/2025,K,K,33,12/26/2024,FALSE,,LETTER,,
4/10/2025,M,A,05,12/27/2024,FALSE,,LETTER,,
4/10/2025,P,M,FRANCE,12/20/2024,FALSE,*,LETTER,,
4/10/2025,A,C,81,12/23/2024,FALSE,,LETTER,,
4/10/2025,E,W,02,12/27/2024,FALSE,,LETTER,,
4/10/2025,K,L,07,12/27/2024,FALSE,,LETTER,,
4/10/2025,M,C,SPAIN,12/27/2024,FALSE,,LETTER,,
4/10/2025,R,F,68,12/28/2024,FALSE,,LETTER,,
4/10/2025,D,M,30,NULL,FALSE,,LETTER,,
4/10/2025,G,S,02,12/27/2024,FALSE,,LETTER,,
4/10/2025,L,M,20,12/27/2024,FALSE,,LETTER,,
4/10/2025,M,H,32,12/27/2024,FALSE,,LETTER,,
4/10/2025,T,O,33,12/23/2024,FALSE,,LETTER,,
4/10/2025,E,P,06,12/26/2024,FALSE,,LETTER,,
4/10/2025,K,A,47,12/27/2024,FALSE,,LETTER,,
4/10/2025,L,L,30,12/28/2024,FALSE,,LETTER,,
4/10/2025,P,A,32,12/21/2024,FALSE,,LETTER,,
4/11/2025,A,A,30,12/24/2024,FALSE,,LETTER,,
4/11/2025,E,M,20,12/26/2024,FALSE,,LETTER,,
4/11/2025,M,K,11,12/23/2024,FALSE,,LETTER,,
4/11/2025,S,C,01,12/26/2024,FALSE,,LETTER,,
4/11/2025,A,G,63,12/23/2024,FALSE,,LETTER,,
4/11/2025,E,S,03,1/8/2025,FALSE,,LETTER,,
4/11/2025,M,P,82,12/23/2024,FALSE,,LETTER,,
4/11/2025,S,M,79,12/26/2024,FALSE,,LETTER,,
4/11/2025,A,T,26,12/27/2024,FALSE,,LETTER,,
4/11/2025,J,D,GERMANY,NULL,FALSE,,LETTER,,
4/11/2025,M,NULL,65,12/23/2024,FALSE,,LETTER,,
4/11/2025,S,T,01,12/21/2024,FALSE,,LETTER,,
4/11/2025,D,P,28,12/24/2024,FALSE,,LETTER,,
4/11/2025,J,N ,58,12/26/2024,FALSE,,LETTER,,
4/11/2025,N,L,35,12/27/2024,FALSE,,LETTER,,
4/14/2025,A,B,07,12/23/2024,FALSE,,LETTER,,
4/14/2025,C,P,09,12/23/2024,FALSE,,LETTER,,
4/14/2025,J,B,12,12/23/2024,FALSE,,LETTER,,
4/14/2025,L,H,13,12/28/2024,FALSE,,LETTER,,
4/14/2025,M,R,CANADA,12/24/2024,FALSE,,LETTER,,
4/14/2025,T,N,01,4/4/2025,FALSE,,LETTER,,
4/14/2025,A,S,81,12/28/2024,FALSE,,LETTER,,
4/14/2025,E,C,70,4/8/2025,FALSE,,LETTER,,
4/14/2025,J,J,04,12/26/2024,FALSE,,LETTER,,
4/14/2025,L,Q,86,4/6/2025,FALSE,*,LETTER,,
4/14/2025,M,NULL,65,12/23/2024,FALSE,,LETTER,,
4/14/2025,T,V,35,12/23/2024,FALSE,,LETTER,,
4/14/2025,C,F,11,4/7/2025,FALSE,,LETTER,,
4/14/2025,E,M,11,12/26/2024,FALSE,,LETTER,,
4/14/2025,K,A,92,12/23/2024,FALSE,,LETTER,,
4/14/2025,L,S,17,12/23/2024,FALSE,,LETTER,,
4/14/2025,R,R,50,12/23/2024,FALSE,,LETTER,,
4/14/2025,V,W,CANADA,12/24/2024,FALSE,*,LETTER,,
4/14/2025,C,M,02,12/23/2024,FALSE,,LETTER,,
4/14/2025,I,V,67,12/23/2024,FALSE,,LETTER,,
4/14/2025,K,P,50,12/26/2024,FALSE,,LETTER,,
4/14/2025,M,M,54,4/2/2025,FALSE,*,LETTER,,
4/14/2025,S,M,03,12/23/2024,FALSE,,LETTER,,
4/14/2025,W,Y,CHINA,3/17/2025,FALSE,,LETTER,,
4/15/2025,A,R,25,12/28/2024,FALSE,,LETTER,,
4/15/2025,E,NULL,21,12/27/2024,FALSE,,LETTER,,
4/15/2025,J,S,03,12/24/2024,FALSE,,LETTER,,
4/15/2025,K,W,13,12/23/2024,FALSE,,LETTER,,
4/15/2025,P,M,92,12/23/2024,FALSE,,LETTER,,
4/15/2025,S,G,51,12/26/2024,FALSE,,LETTER,,
4/15/2025,T,D,33,12/23/2024,FALSE,,LETTER,,
4/15/2025,C,K,40,12/24/2024,FALSE,,LETTER,,
4/15/2025,E,T,51,12/26/2024,FALSE,,LETTER,,
4/15/2025,J,NULL,36,12/30/2024,FALSE,,LETTER,,
4/15/2025,M,M,01,12/23/2024,FALSE,,LETTER,,
4/15/2025,R,D,03,12/30/2024,FALSE,,LETTER,,
4/15/2025,S,NULL,03,12/30/2024,FALSE,,LETTER,,
4/15/2025,W,V,16,NULL,FALSE,,LETTER,,
4/15/2025,C,Z,05,12/26/2024,FALSE,,LETTER,,
4/15/2025,G,V,06,12/26/2024,FALSE,,LETTER,,
4/15/2025,K,G,22,12/23/2024,FALSE,,LETTER,,
4/15/2025,M,NULL,79,12/23/2024,FALSE,,LETTER,,
4/15/2025,R,H,01,12/23/2024,FALSE,,LETTER,,
4/15/2025,S,NULL,10,12/26/2024,FALSE,,LETTER,,
4/15/2025,E,A,21,12/28/2024,FALSE,,LETTER,,
4/15/2025,J,H,29,4/11/2025,FALSE,,LETTER,,
4/15/2025,K,S,07,12/23/2024,FALSE,,LETTER,,
4/15/2025,N,R,16,NULL,FALSE,,LETTER,,
4/15/2025,R,S,77,12/26/2024,FALSE,,LETTER,,
4/15/2025,S,NULL,10,12/26/2024,FALSE,,LETTER,,
4/16/2025,B,I,16,12/26/2024,FALSE,,LETTER,,
4/16/2025,J,B,69,12/23/2024,FALSE,,LETTER,,
4/16/2025,B,L,22,1/10/2025,FALSE,,LETTER,,
4/16/2025,J,T,12,12/23/2024,FALSE,,LETTER,,
4/16/2025,F,S,25,12/23/2024,FALSE,,LETTER,,
4/16/2025,S,S,29,12/27/2024,FALSE,,LETTER,,
4/16/2025,L,S,03,12/24/2024,FALSE,,LETTER,,
4/16/2025,T,C,22,12/28/2024,FALSE,,LETTER,,
4/17/2025,A,K,25,12/26/2024,FALSE,,LETTER,,
4/17/2025,J,R,07,12/19/2024,FALSE,*,LETTER,,
4/17/2025,S,A,18,12/23/2024,FALSE,,LETTER,,
4/17/2025,A,K,59,12/26/2024,FALSE,,LETTER,,
4/17/2025,K,D,10,12/24/2024,FALSE,,LETTER,,
4/17/2025,S,S,06,12/23/2024,FALSE,,LETTER,,
4/17/2025,A,L,11,12/24/2024,FALSE,,LETTER,,
4/17/2025,L,S,18,12/26/2024,FALSE,,LETTER,,
4/17/2025,NULL,M,34,12/24/2024,FALSE,,LETTER,,
4/17/2025,D,NULL,36,12/30/2024,FALSE,,LETTER,,
4/17/2025,L,NULL,73,NULL,FALSE,,LETTER,,
4/17/2025,NULL,P,NULL,12/21/2024,FALSE,,LETTER,,
4/20/2025,A,B,36,12/30/2024,FALSE,,LETTER,,
4/20/2025,D,M,03,12/26/2024,FALSE,,LETTER,,
4/20/2025,L,P,54,12/26/2024,FALSE,,LETTER,,
4/20/2025,S,NULL,43,12/23/2024,FALSE,,LETTER,,
4/20/2025,A,F,16,12/24/2024,FALSE,,LETTER,,
4/20/2025,F,NULL,18,12/28/2024,FALSE,,LETTER,,
4/20/2025,M,R,36,12/24/2024,FALSE,,LETTER,,
4/20/2025,P,Q,39,12/24/2024,FALSE,,LETTER,,
4/20/2025,A,M,80,12/23/2024,FALSE,,LETTER,,
4/20/2025,J,P,54,12/24/2024,FALSE,,LETTER,,
4/20/2025,M,S,10,12/24/2024,FALSE,,LETTER,,
4/20/2025,V,H,03,12/21/2024,FALSE,,LETTER,,
4/20/2025,A,S,73,12/24/2024,FALSE,,LETTER,,
4/20/2025,J,T,15,12/23/2024,FALSE,,LETTER,,
4/20/2025,M,NULL,77,12/21/2024,FALSE,,LETTER,,
4/21/2025,A,G,56,4/17/2025,FALSE,,LETTER,,
4/21/2025,P,P,69,4/15/2025,FALSE,*,LETTER,,
4/21/2025,B,L,28,4/15/2025,FALSE,,LETTER,,
4/21/2025,H,P,TAIWAN,4/14/2025,FALSE,*,LETTER,,
4/21/2025,N,M,14,4/17/2025,FALSE,,LETTER,,
4/22/2025,A,E,43,3/11/2025,FALSE,,LETTER,,
4/22/2025,A,M,78,3/10/2025,FALSE,,LETTER,,
4/22/2025,C,M,11,3/11/2025,FALSE,,LETTER,,
4/22/2025,J,U,17,3/10/2025,FALSE,,LETTER,,
4/22/2025,L,S,16,12/27/2024,FALSE,,LETTER,,
4/22/2025,M,D,02,12/26/2024,FALSE,,LETTER,,
4/22/2025,R,B,15,1/8/2025,FALSE,,LETTER,,
4/22/2025,V,J,37,12/21/2024,FALSE,,LETTER,,
4/22/2025,A,G,POLAND,4/16/2025,FALSE,,LETTER,,
4/22/2025,A,S,ENGLAND,3/7/2025,FALSE,,LETTER,,
4/22/2025,E,C,37,12/21/2024,FALSE,*,LETTER,,
4/22/2025,J,W,67,12/24/2024,FALSE,,LETTER,,
4/22/2025,L,W,50,3/10/2025,FALSE,,LETTER,,
4/22/2025,N,B,38,12/23/2024,FALSE,,LETTER,,
4/22/2025,R,R,20,3/10/2025,FALSE,,LETTER,,
4/22/2025,W,M,03,3/11/2025,FALSE,,LETTER,,
4/22/2025,A,M,28,12/23/2024,FALSE,,LETTER,,
4/22/2025,B,NULL,04,12/24/2024,FALSE,,LETTER,,
4/22/2025,E,S,23,3/10/2025,FALSE,,LETTER,,
4/22/2025,K,K,17,3/10/2025,FALSE,,LETTER,,
4/22/2025,M,B,85,12/23/2024,FALSE,,LETTER,,
4/22/2025,N,M,20,3/8/2025,FALSE,,LETTER,,
4/22/2025,T,W,78,12/21/2024,FALSE,,LETTER,,
4/22/2025,W,S,58,12/23/2024,FALSE,,LETTER,,
4/22/2025,A,M,29,12/23/2024,FALSE,,LETTER,,
4/22/2025,C,M,01,12/23/2024,FALSE,,LETTER,,
4/22/2025,I,H,86,12/21/2024,FALSE,,LETTER,,
4/22/2025,L,G,23,12/26/2024,FALSE,,LETTER,,
4/22/2025,M,C,07,12/30/2024,FALSE,,LETTER,,
4/22/2025,Q,NULL,09,12/24/2024,FALSE,,LETTER,,
4/22/2025,V,F,69,12/26/2024,FALSE,,LETTER,,
4/23/2025,A,K,94,12/24/2024,FALSE,,LETTER,,
4/23/2025,B,L,22,1/10/2025,FALSE,,LETTER,,
4/23/2025,C,M,02,12/21/2024,FALSE,"[],",LETTER,,
4/23/2025,I,G,41,12/23/2024,FALSE,,LETTER,,
4/23/2025,J,W,NULL,12/24/2024,FALSE,,LETTER,,
4/23/2025,L,W,28,12/21/2024,FALSE,,LETTER,,
4/23/2025,N,Z,14,12/23/2024,FALSE,,LETTER,,
4/23/2025,R,D,04,12/21/2024,FALSE,,LETTER,,
4/23/2025,T,D,17,12/27/2024,FALSE,,LETTER,,
4/23/2025,A,P,03,12/24/2024,FALSE,,LETTER,,
4/23/2025,B,O,11,NULL,FALSE,,LETTER,,
4/23/2025,E,H,10,12/24/2024,FALSE,,LETTER,,
4/23/2025,J,B,01,NULL,FALSE,,LETTER,,
4/23/2025,L,F,74,12/21/2024,FALSE,,LETTER,,
4/23/2025,M,F,11,12/23/2024,FALSE,,LETTER,,
4/23/2025,O,G,14,12/28/2024,FALSE,,LETTER,,
4/23/2025,R,M,41,12/23/2024,FALSE,,LETTER,,
4/23/2025,T,D,33,12/23/2024,FALSE,,LETTER,,
4/23/2025,A,V,07,12/24/2024,FALSE,,LETTER,,
4/23/2025,B,S,86,12/24/2024,FALSE,,LETTER,,
4/23/2025,H,T,04,12/23/2024,FALSE,,LETTER,,
4/23/2025,J,R,07,12/23/2024,FALSE,,LETTER,,
4/23/2025,L,H,13,12/21/2024,FALSE,,LETTER,,
4/23/2025,M,L,60,12/24/2024,FALSE,,LETTER,,
4/23/2025,P,D,14,12/23/2024,FALSE,,LETTER,,
4/23/2025,R,R,50,12/23/2024,FALSE,,LETTER,,
4/23/2025,V,R,26,12/26/2024,FALSE,,LETTER,,
4/23/2025,B,G,06,12/27/2024,FALSE,,LETTER,,
4/23/2025,B,NULL,18,12/23/2024,FALSE,,LETTER,,
4/23/2025,H,W,03,4/18/2025,FALSE,,LETTER,,
4/23/2025,J,R,19,12/23/2024,FALSE,,LETTER,,
4/23/2025,L,L,22,12/30/2024,FALSE,,LETTER,,
4/23/2025,M,W,13,12/23/2024,FALSE,,LETTER,,
4/23/2025,P,Z,NULL,12/23/2024,FALSE,,LETTER,,
4/23/2025,S,E,56,12/20/2024,FALSE,,LETTER,,
4/23/2025,D,L,38,4/18/2025,FALSE,,LETTER,,
4/24/2025,A,A,30,12/21/2024,FALSE,,LETTER,,
4/24/2025,C,V,43,12/23/2024,FALSE,,LETTER,,
4/24/2025,K,M,75,12/26/2024,FALSE,,LETTER,,
4/24/2025,P,G,07,12/23/2024,FALSE,,LETTER,,
4/24/2025,A,B,70,12/26/2024,FALSE,,LETTER,,
4/24/2025,F,NULL,67,12/21/2024,FALSE,,LETTER,,
4/24/2025,M,B,85,12/24/2024,FALSE,,LETTER,,
4/24/2025,S,J,16,12/24/2024,FALSE,,LETTER,,
4/24/2025,A,S,47,12/21/2024,FALSE,,LETTER,,
4/24/2025,J,L,79,12/23/2024,FALSE,,LETTER,,
4/24/2025,N,L,NETHERLANDS,4/16/2025,FALSE,,LETTER,,
4/24/2025,V,T,26,12/24/2024,FALSE,,LETTER,,
4/24/2025,B,Y,83,12/26/2024,FALSE,,LETTER,,
4/24/2025,K,G,90,12/27/2024,FALSE,,LETTER,,
4/24/2025,N,M,09,12/23/2024,FALSE,,LETTER,,
4/25/2025,B,K,94,12/26/2024,FALSE,,LETTER,,
4/25/2025,I,A,28,12/26/2024,FALSE,,LETTER,,
4/25/2025,T,M,21,12/23/2024,FALSE,,LETTER,,
4/25/2025,B,S,92,12/26/2024,FALSE,,LETTER,,
4/25/2025,N,C,79,12/26/2024,FALSE,,LETTER,,
4/25/2025,H,P,76,12/24/2024,FALSE,,LETTER,,
4/25/2025,S,P,02,12/23/2024,FALSE,,LETTER,,
4/25/2025,H,R,01,12/20/2024,FALSE,*,LETTER,,
4/25/2025,S,NULL,10,12/26/2024,FALSE,,LETTER,,
4/28/2025,A,A,30,12/23/2024,FALSE,,LETTER,,
4/28/2025,A,B,62,12/23/2024,FALSE,,LETTER,,
4/28/2025,A,L,40,12/27/2024,FALSE,,LETTER,,
4/28/2025,A,P,01,12/26/2024,FALSE,,LETTER,,
4/28/2025,A,S,22,12/26/2024,FALSE,,LETTER,,
4/28/2025,B,L,22,12/24/2024,FALSE,,LETTER,,
4/28/2025,C,G,32,12/24/2024,FALSE,,LETTER,,
4/28/2025,C,M,80,12/26/2024,FALSE,,LETTER,,
4/28/2025,D,M,30,12/23/2024,FALSE,,LETTER,,
4/28/2025,E,B,30,12/26/2024,FALSE,,LETTER,,
4/28/2025,A,A,30,12/23/2024,FALSE,,LETTER,,
4/28/2025,A,D,32,12/23/2024,FALSE,,LETTER,,
4/28/2025,A,L,71,12/26/2024,FALSE,,LETTER,,
4/28/2025,A,R,90,12/28/2024,FALSE,,LETTER,,
4/28/2025,A,V,01,12/27/2024,FALSE,,LETTER,,
4/28/2025,B,R,59,12/23/2024,FALSE,,LETTER,,
4/28/2025,C,H,14,12/23/2024,FALSE,,LETTER,,
4/28/2025,C,S,02,12/27/2024,FALSE,,LETTER,,
4/28/2025,D,S,06,12/23/2024,FALSE,,LETTER,,
4/28/2025,E,V,01,12/23/2024,FALSE,,LETTER,,
4/28/2025,A,A,30,12/23/2024,FALSE,,LETTER,,
4/28/2025,A,D,92,12/26/2024,FALSE,,LETTER,,
4/28/2025,A,M,87,12/26/2024,FALSE,,LETTER,,
4/28/2025,A,R,NETHERLANDS,3/6/2025,FALSE,,LETTER,,
4/28/2025,A,W,02,12/27/2024,FALSE,,LETTER,,
4/28/2025,B,X,35,12/28/2024,FALSE,,LETTER,,
4/28/2025,C,L,28,12/28/2024,FALSE,,LETTER,,
4/28/2025,D,B,24,12/28/2024,FALSE,,LETTER,,
4/28/2025,D,NULL,17,12/26/2024,FALSE,,LETTER,,
4/28/2025,F,D,37,12/26/2024,FALSE,,LETTER,,
4/28/2025,A,B,17,12/23/2024,FALSE,,LETTER,,
4/28/2025,A,G,11,12/23/2024,FALSE,,LETTER,,
4/28/2025,A,N ,15,12/24/2024,FALSE,,LETTER,,
4/28/2025,A,S,17,12/23/2024,FALSE,,LETTER,,
4/28/2025,B,D,15,12/28/2024,FALSE,,LETTER,,
4/28/2025,C,C,45,12/27/2024,FALSE,,LETTER,,
4/28/2025,C,M,02,12/23/2024,FALSE,,LETTER,,
4/28/2025,D,E,01,12/20/2024,FALSE,,LETTER,,
4/28/2025,D,NULL,92,12/26/2024,FALSE,,LETTER,,
4/28/2025,F,S,25,12/24/2024,FALSE,,LETTER,,
4/28/2025,F,S,83,12/20/2024,FALSE,,LETTER,,
4/28/2025,J,L,16,12/23/2024,FALSE,,LETTER,,
4/28/2025,J,S,74,4/21/2025,FALSE,,LETTER,,
4/28/2025,K,A,SWEDEN,12/23/2024,FALSE,,LETTER,,
4/28/2025,K,L,56,12/24/2024,FALSE,,LETTER,,
4/28/2025,K,S,03,12/27/2024,FALSE,,LETTER,,
4/28/2025,L,C,53,12/24/2024,FALSE,,LETTER,,
4/28/2025,L,E,38,12/26/2024,FALSE,,LETTER,,
4/28/2025,L,S,48,12/24/2024,FALSE,,LETTER,,
4/28/2025,M,D,28,12/24/2024,FALSE,,LETTER,,
4/28/2025,G,H,46,12/26/2024,FALSE,,LETTER,,
4/28/2025,J,M,06,12/26/2024,FALSE,,LETTER,,
4/28/2025,J,S,74,4/21/2025,FALSE,,LETTER,,
4/28/2025,K,B,14,12/23/2024,FALSE,,LETTER,,
4/28/2025,K,M,20,12/23/2024,FALSE,,LETTER,,
4/28/2025,K,T,66,12/27/2024,FALSE,,LETTER,,
4/28/2025,L,C,53,12/24/2024,FALSE,,LETTER,,
4/28/2025,L,E,38,12/26/2024,FALSE,,LETTER,,
4/28/2025,L,NULL,36,12/26/2024,FALSE,,LETTER,,
4/28/2025,M,G,35,12/24/2024,FALSE,,LETTER,,
4/28/2025,H,W,03,12/27/2024,FALSE,,LETTER,,
4/28/2025,J,P,30,12/24/2024,FALSE,,LETTER,,
4/28/2025,J,W,02,12/27/2024,FALSE,,LETTER,,
4/28/2025,K,D,10,12/24/2024,FALSE,,LETTER,,
4/28/2025,K,M,29,12/27/2024,FALSE,,LETTER,,
4/28/2025,L,A,NULL,12/24/2024,FALSE,,LETTER,,
4/28/2025,L,D,08,12/21/2024,FALSE,,LETTER,,
4/28/2025,L,F,ARGENTINA,4/19/2025,FALSE,*,LETTER,,
4/28/2025,M,B,70,12/21/2024,FALSE,,LETTER,,
4/28/2025,M,J,19,4/22/2025,FALSE,,LETTER,,
4/28/2025,J,K,09,4/14/2025,FALSE,,LETTER,,
4/28/2025,J,P,62,12/26/2024,FALSE,,LETTER,,
4/28/2025,J,Y,01,12/27/2024,FALSE,,LETTER,,
4/28/2025,K,D,19,12/27/2024,FALSE,,LETTER,,
4/28/2025,K,P,30,12/28/2025,FALSE,,LETTER,,
4/28/2025,L,C,39,12/30/2024,FALSE,,LETTER,,
4/28/2025,L,E,38,12/26/2024,FALSE,,LETTER,,
4/28/2025,L,M,05,12/23/2024,FALSE,,LETTER,,
4/28/2025,M,D,18,12/24/2024,FALSE,,LETTER,,
4/28/2025,M,L,16,12/27/2024,FALSE,,LETTER,,
4/28/2025,M,P,55,12/28/2024,FALSE,,LETTER,,
4/28/2025,M,R,26,12/24/2024,FALSE,,LETTER,,
4/28/2025,P,G,22,12/23/2024,FALSE,,LETTER,,
4/28/2025,R,C,56,12/23/2024,FALSE,,LETTER,,
4/28/2025,R,J,UK,3/7/2025,FALSE,*,LETTER,,
4/28/2025,R,S,05,12/27/2024,FALSE,,LETTER,,
4/28/2025,S,K,75,12/28/2024,FALSE,,LETTER,,
4/28/2025,T,B,46,12/23/2024,FALSE,,LETTER,,
4/28/2025,M,M,40,12/30/2024,FALSE,,LETTER,,
4/28/2025,M,S,02,12/24/2024,FALSE,,LETTER,,
4/28/2025,P,L,82,12/23/2024,FALSE,,LETTER,,
4/28/2025,R,C,73,12/30/2024,FALSE,,LETTER,,
4/28/2025,R,M,06,12/27/2024,FALSE,,LETTER,,
4/28/2025,S,C,25,12/28/2024,FALSE,,LETTER,,
4/28/2025,S,L,32,12/24/2024,FALSE,,LETTER,,
4/28/2025,T,E,42,12/24/2024,FALSE,,LETTER,,
4/28/2025,M,J,19,4/22/2025,FALSE,,LETTER,,
4/28/2025,M,P,53,12/28/2024,FALSE,,LETTER,,
4/28/2025,M,W,74,12/23/2024,FALSE,,LETTER,,
4/28/2025,P,NULL,47,12/24/2024,FALSE,,LETTER,,
4/28/2025,R,F,07,12/23/2024,FALSE,,LETTER,,
4/28/2025,R,O,05,12/24/2024,FALSE,,LETTER,,
4/28/2025,S,H,66,12/26/2024,FALSE,,LETTER,,
4/28/2025,S,S,08,12/23/2024,FALSE,,LETTER,,
4/28/2025,T,F,77,12/23/2024,FALSE,,LETTER,,
4/28/2025,M,L,16,12/27/2024,FALSE,,LETTER,,
4/28/2025,M,R,17,12/24/2024,FALSE,,LETTER,,
4/28/2025,M,NULL,16,12/26/2024,FALSE,,LETTER,,
4/28/2025,P,NULL,57,12/26/2024,FALSE,,LETTER,,
4/28/2025,R,G,50,12/23/2024,FALSE,,LETTER,,
4/28/2025,R,R,40,12/23/2024,FALSE,,LETTER,,
4/28/2025,S,K,11,12/26/2024,FALSE,,LETTER,,
4/28/2025,S,NULL,10,12/24/2024,FALSE,,LETTER,,
4/28/2025,T,F,82,12/23/2024,FALSE,,LETTER,,
4/28/2025,T,N ,41,12/23/2024,FALSE,,LETTER,,
4/28/2025,V,R,31,12/23/2024,FALSE,,LETTER,,
4/30/2025,A,A,17,12/21/2024,FALSE,,LETTER,,
4/30/2025,A,H,30,12/30/2024,FALSE,,LETTER,,
4/30/2025,A,R,40,12/26/2024,FALSE,,LETTER,,
4/30/2025,B,A,05,12/30/2024,FALSE,,LETTER,,
4/30/2025,B,M,66,12/27/2024,FALSE,,LETTER,,
4/30/2025,C,M,30,12/26/2024,FALSE,,LETTER,,
4/30/2025,D,B,66,12/30/2024,FALSE,,LETTER,,
4/30/2025,A,D,92,12/26/2024,FALSE,,LETTER,,
4/30/2025,A,M,25,12/27/2024,FALSE,,LETTER,,
4/30/2025,A,T,12,12/30/2024,FALSE,,LETTER,,
4/30/2025,B,C,31,12/27/2024,FALSE,,LETTER,,
4/30/2025,B,S,16,12/26/2024,FALSE,,LETTER,,
4/30/2025,C,T,04,12/28/2024,FALSE,,LETTER,,
4/30/2025,D,C,39,12/27/2024,FALSE,,LETTER,,
4/30/2025,A,F,27,12/30/2024,FALSE,,LETTER,,
4/30/2025,A,P,11,12/26/2024,FALSE,,LETTER,,
4/30/2025,A,V,50,12/24/2024,FALSE,,LETTER,,
4/30/2025,B,C,60,12/23/2024,FALSE,,LETTER,,
4/30/2025,C,B,41,12/30/2024,FALSE,,LETTER,,
4/30/2025,C,NULL,07,12/31/2024,FALSE,,LETTER,,
4/30/2025,D,I,41,12/25/2024,FALSE,*,LETTER,,
4/30/2025,A,H,04,12/30/2024,FALSE,,LETTER,,
4/30/2025,A,P,75,12/30/2024,FALSE,,LETTER,,
4/30/2025,A,T,12,12/30/2024,FALSE,,LETTER,,
4/30/2025,B,J,11,12/26/2024,FALSE,,LETTER,,
4/30/2025,C,I,12,12/30/2024,FALSE,,LETTER,,
4/30/2025,D,B,66,12/30/2024,FALSE,,LETTER,,
4/30/2025,E,B,SWITZERLAND,12/21/2024,FALSE,,LETTER,,
4/30/2025,E,C,01,12/23/2024,FALSE,,LETTER,,
4/30/2025,E,R,03,12/27/2024,FALSE,,LETTER,,
4/30/2025,G,S,02,12/23/2024,FALSE,,LETTER,,
4/30/2025,H,B,80,1/24/1900,FALSE,,LETTER,,
4/30/2025,H,H,03,12/27/2024,FALSE,,LETTER,,
4/30/2025,NULL,H,25,12/24/2024,FALSE,,LETTER,,
4/30/2025,J,M,22,12/30/2024,FALSE,,LETTER,,
4/30/2025,K,D,63,12/28/2024,FALSE,,LETTER,,
4/30/2025,E,H,11,12/22/2024,FALSE,*,LETTER,,
4/30/2025,F,F,69,12/26/2024,FALSE,,LETTER,,
4/30/2025,H,A,09,12/26/2024,FALSE,,LETTER,,
4/30/2025,H,C,05,12/28/2024,FALSE,,LETTER,,
4/30/2025,H,P,15,12/28/2024,FALSE,,LETTER,,
4/30/2025,J,C,39,12/27/2024,FALSE,,LETTER,,
4/30/2025,J,N,17,4/22/2025,FALSE,,LETTER,,
4/30/2025,K,D,CANADA,NULL,FALSE,,LETTER,,
4/30/2025,E,H,46,12/26/2024,FALSE,,LETTER,,
4/30/2025,NULL,F,26,12/23/2024,FALSE,,LETTER,,
4/30/2025,H,B,01,12/28/2024,FALSE,,LETTER,,
4/30/2025,H,C,20,12/26/2024,FALSE,,LETTER,,
4/30/2025,H,S,10,12/23/2024,,,,,
4/30/2025,J,D,28,12/26/2024,FALSE,,LETTER,,
4/30/2025,J,R,NULL,12/26/2024,FALSE,,LETTER,,
4/30/2025,K,L,85,12/24/2024,FALSE,,LETTER,,
4/30/2025,E,M,15,12/27/2024,FALSE,,LETTER,,
4/30/2025,G,A,50,12/26/2024,FALSE,,LETTER,,
4/30/2025,H,B,01,12/26/2024,FALSE,,LETTER,,
4/30/2025,H,F,92,12/24/2024,FALSE,,LETTER,,
4/30/2025,H,Y,17,12/23/2024,FALSE,,LETTER,,
4/30/2025,J,L,28,12/24/2024,FALSE,,LETTER,,
4/30/2025,J,S,74,12/24/2024,FALSE,,LETTER,,
4/30/2025,K,M,10,12/24/2024,FALSE,,LETTER,,
4/30/2025,K,S,86,12/30/2024,FALSE,,LETTER,,
4/30/2025,L,D,37,12/24/2024,FALSE,,LETTER,,
4/30/2025,NULL,L,11,12/23/2024,FALSE,,LETTER,,
4/30/2025,M,N,05,12/27/2024,FALSE,,LETTER,,
4/30/2025,O,M,57,12/31/2024,FALSE,,LETTER,,
4/30/2025,S,B,54,12/24/2024,FALSE,,LETTER,,
4/30/2025,S,J,56,12/30/2024,FALSE,,LETTER,,
4/30/2025,S,S,05,12/30/2024,,,LETTER,,
4/30/2025,S,M,20,12/30/2024,FALSE,,LETTER,,
4/30/2025,K,W,04,12/30/2024,FALSE,,LETTER,,
4/30/2025,L,K,36,12/28/2024,FALSE,,LETTER,,
4/30/2025,M,C,50,12/23/2024,FALSE,,LETTER,,
4/30/2025,M,S,11,12/26/2024,FALSE,,LETTER,,
4/30/2025,P,D,06,12/26/2024,FALSE,,LETTER,,
4/30/2025,S,B,69,12/21/2024,FALSE,*,LETTER,,
4/30/2025,S,K,21,12/26/2024,FALSE,,LETTER,,
4/30/2025,S,M,55,12/27/2024,FALSE,,LETTER,,
4/30/2025,S,S,06,12/23/2024,FALSE,,LETTER,,
4/30/2025,K,Z,46,12/28/2024,FALSE,,LETTER,,
4/30/2025,L,L,53,12/26/2024,FALSE,,LETTER,,
4/30/2025,M,C,NULL,12/26/2024,FALSE,,LETTER,,
4/30/2025,M,S,34,12/26/2024,FALSE,,LETTER,,
4/30/2025,P,P,11,12/26/2024,FALSE,,LETTER,,
4/30/2025,S,F,02,12/23/2024,FALSE,,LETTER,,
4/30/2025,S,L,40,12/30/2024,FALSE,,LETTER,,
4/30/2025,S,N,53,12/30/2024,FALSE,,LETTER,,
4/30/2025,S,S,60,12/26/2024,FALSE,,LETTER,,
4/30/2025,K,NULL,55,12/26/2024,FALSE,,LETTER,,
4/30/2025,L,P,65,12/27/2024,FALSE,,LETTER,,
4/30/2025,M,M,04,12/26/2024,FALSE,,LETTER,,
4/30/2025,O,B,04,12/26/2024,FALSE,,LETTER,,
4/30/2025,NULL,P,56,12/23/2024,FALSE,,LETTER,,
4/30/2025,S,H,71,12/30/2024,FALSE,,LETTER,,
4/30/2025,S,M,03,12/26/2024,FALSE,,LETTER,,
4/30/2025,S,N,90,12/27/2024,FALSE,,LETTER,,
4/30/2025,R,B,13,12/26/2024,FALSE,,LETTER,,
4/30/2025,M,D,01,12/30/2024,FALSE,,LETTER,,
4/30/2025,M,N,05,12/27/2024,FALSE,,LETTER,,
4/30/2025,O,M,57,12/31/2024,FALSE,,LETTER,,
4/30/2025,S,B,54,12/24/2024,FALSE,,LETTER,,
4/30/2025,S,J,56,12/30/2024,FALSE,,LETTER,,
4/30/2025,S,M,20,12/30/2024,FALSE,,LETTER,,
4/30/2025,S,S,05,12/30/2024,FALSE,,LETTER,,
4/30/2025,R,N,22,12/21/2024,FALSE,,LETTER,,
4/30/2025,V,L,68,12/23/2024,FALSE,,LETTER,,
4/30/2025,M,S,11,12/26/2024,FALSE,,LETTER,,
4/30/2025,P,D,06,12/26/2024,FALSE,,LETTER,,
4/30/2025,S,B,69,12/26/2024,FALSE,,LETTER,,
4/30/2025,S,K,21,12/26/2024,FALSE,,LETTER,,
4/30/2025,S,M,55,12/27/2024,FALSE,,LETTER,,
4/30/2025,S,S,06,12/23/2024,FALSE,,LETTER,,
4/30/2025,T,B,05,12/24/2024,FALSE,,LETTER,,
4/30/2025,Z,D,14,12/30/2024,FALSE,,LETTER,,
4/30/2025,M,S,34,12/26/2024,FALSE,,LETTER,,
4/30/2025,P,P,11,12/26/2024,FALSE,,LETTER,,
4/30/2025,S,F,02,12/23/2024,FALSE,,LETTER,,
4/30/2025,S,L,40,12/30/2024,FALSE,,LETTER,,
4/30/2025,S,N,53,12/30/2024,FALSE,,LETTER,,
4/30/2025,S,S,60,12/26/2024,FALSE,,LETTER,,
4/30/2025,T,N,01,4/26/2025,FALSE,,LETTER,,
4/30/2025,NULL,NULL,17,12/30/2024,FALSE,,LETTER,,
4/30/2025,O,B,04,12/26/2024,FALSE,,LETTER,,
4/30/2025,NULL,P,56,12/23/2024,FALSE,,LETTER,,
4/30/2025,S,H,71,12/30/2024,FALSE,,LETTER,,
4/30/2025,S,M,03,12/26/2024,FALSE,,LETTER,,
4/30/2025,S,N,90,12/27/2024,FALSE,,LETTER,,
4/30/2025,R,B,13,12/26/2024,FALSE,,LETTER,,
4/30/2025,V,B,01,12/26/2024,FALSE,,LETTER,,
4/30/2025,NULL,NULL,60,12/24/2024,FALSE,,LETTER,,
5/1/2025,A,A,30,1/14/2025,FALSE,,LETTER,,
5/1/2025,B,B,09,3/28/2025,FALSE,,LETTER,,
5/1/2025,C,B,80,12/26/2024,FALSE,,LETTER,,
5/1/2025,D,G,41,12/27/2024,FALSE,,LETTER,,
5/1/2025,H,W,01,4/28/2025,FALSE,,LETTER,,
5/1/2025,J,K,09,3/10/2025,FALSE,,LETTER,,
5/1/2025,K,L,56,12/28/2024,FALSE,,LETTER,,
5/1/2025,M,F,10,4/28/2025,FALSE,,LETTER,,
5/1/2025,M,S,17,3/27/2025,FALSE,,LETTER,,
5/1/2025,N ,G,30,12/26/2024,FALSE,,LETTER,,
5/1/2025,R,B,SLOVAKIA,4/22/2025,FALSE,,LETTER,,
5/1/2025,A,G,07,3/7/2025,FALSE,,LETTER,,
5/1/2025,B,D,24,3/28/2025,FALSE,,LETTER,,
5/1/2025,C,C,38,3/27/2025,FALSE,,LETTER,,
5/1/2025,E,A,31,3/27/2025,FALSE,,LETTER,,
5/1/2025,J,A,70,1/23/2025,FALSE,,LETTER,,
5/1/2025,J,M,AUSTRALIA,3/18/2025,FALSE,,LETTER,,
5/1/2025,K,M,09,12/22/2024,FALSE,,LETTER,,
5/1/2025,M,F,MALAYSIA,1/9/2025,FALSE,,LETTER,,
5/1/2025,M,S,58,3/28/2025,FALSE,,LETTER,,
5/1/2025,N,O,03,4/28/2025,FALSE,,LETTER,,
5/1/2025,S,B,GERMANY,NULL,FALSE,,LETTER,,
5/1/2025,A,S,57,12/28/2024,FALSE,,LETTER,,
5/1/2025,B,K,81,3/28/2025,FALSE,,LETTER,,
5/1/2025,C,P,52,3/28/2025,FALSE,,LETTER,,
5/1/2025,E,C,SPAIN,NULL,FALSE,,LETTER,,
5/1/2025,J,B,55,1/23/2025,FALSE,,LETTER,,
5/1/2025,J,R,50,12/27/2024,FALSE,,LETTER,,
5/1/2025,L,A,GERMANY,2/25/2025,FALSE,,LETTER,,
5/1/2025,M,L,73,3/25/2025,FALSE,,LETTER,,
5/1/2025,P,R,05,3/28/2025,FALSE,,LETTER,,
5/1/2025,S,C,31,3/30/2025,FALSE,*,LETTER,,
5/1/2025,A,Z,54,3/6/2025,FALSE,,LETTER,,
5/1/2025,B,NULL,47,1/18/2025,FALSE,,LETTER,,
5/1/2025,D,F,57,3/28/2025,FALSE,,LETTER,,
5/1/2025,H,K,CANADA,3/17/2025,FALSE,*,LETTER,,
5/1/2025,J,K,09,4/28/2025,FALSE,,LETTER,,
5/1/2025,J,S,28,12/26/2024,FALSE,,LETTER,,
5/1/2025,M,B,53,1/24/2025,FALSE,,LETTER,,
5/1/2025,M,M,11,3/28/2025,FALSE,,LETTER,,
5/1/2025,M,W,KENYA,3/10/2025,FALSE,,LETTER,,
5/1/2025,P,Z,16,3/28/2025,FALSE,,LETTER,,
5/1/2025,S,C,52,3/28/2025,FALSE,,LETTER,,
5/1/2025,S,S,21,12/26/2024,FALSE,,LETTER,,
5/1/2025,T,Q,23,3/26/2025,FALSE,,LETTER,,
5/1/2025,W,A,BELGIUM,1/3/2025,FALSE,*,LETTER,,
5/1/2025,S,H,20,12/28/2024,FALSE,,LETTER,,
5/1/2025,S,T,40,12/28/2024,FALSE,,LETTER,,
5/1/2025,T,Q,23,3/26/2025,FALSE,,LETTER,,
5/1/2025,NULL,NULL,50,3/6/2025,FALSE,,LETTER,,
5/1/2025,P,R,05,3/28/2025,FALSE,,LETTER,,
5/1/2025,S,C,31,3/30/2025,FALSE,,LETTER,,
5/1/2025,S,M,45,12/30/2024,FALSE,,LETTER,,
5/1/2025,T,H,49,12/30/2024,FALSE,,LETTER,,
5/1/2025,T,Q,23,3/26/2025,FALSE,,LETTER,,
5/1/2025,P,Z,16,3/28/2025,FALSE,,LETTER,,
5/1/2025,S,C,34,12/30/2024,FALSE,,LETTER,,
5/1/2025,S,R,10,1/24/2025,FALSE,,LETTER,,
5/1/2025,T,I,GERMANY,3/8/2025,FALSE,*,LETTER,,
5/1/2025,T,T,05,3/28/2025,FALSE,,LETTER,,
5/2/2025,A,L,17,12/30/2024,FALSE,,LETTER,,
5/2/2025,J,M,20,12/28/2024,FALSE,,LETTER,,
5/2/2025,S,W,10,12/28/2024,FALSE,,LETTER,,
5/2/2025,A,S,17,12/28/2024,FALSE,,LETTER,,
5/2/2025,K,W,20,12/27/2024,FALSE,,LETTER,,
5/2/2025,V,A,29,12/21/2024,FALSE,,LETTER,,
5/2/2025,B,S,12,12/27/2024,FALSE,,LETTER,,
5/2/2025,R,N,17,12/30/2024,FALSE,,LETTER,,
5/2/2025,C,L,52,12/28/2024,FALSE,,LETTER,,
5/2/2025,S,P,51,12/26/2024,FALSE,,LETTER,,
5/5/2025,A,H,04,12/23/2024,FALSE,,LETTER,,
5/5/2025,A,H,22,12/28/2024,FALSE,,LETTER,,
5/5/2025,A,J,32,12/24/2024,FALSE,,LETTER,,
5/5/2025,B,A,03,12/24/2024,FALSE,,LETTER,,
5/5/2025,B,B,SWITZERLAND,12/26/2024,FALSE,,LETTER,,
5/5/2025,C,P,35,12/26/2024,FALSE,*,LETTER,,
5/5/2025,C,B,01,12/31/2024,FALSE,,LETTER,,
5/5/2025,A,M,07,12/30/2024,FALSE,,LETTER,,
5/5/2025,A,A,30,12/20/2024,FALSE,,LETTER,,
5/5/2025,A,H,01,12/20/2024,FALSE,,LETTER,,
5/5/2025,B,X,35,NULL,FALSE,,LETTER,,
5/5/2025,C,C,21,12/28/2024,FALSE,,LETTER,,
5/5/2025,A,H,01,4/26/2025,FALSE,,LETTER,,
5/5/2025,A,B,59,12/27/2024,FALSE,,LETTER,,
5/5/2025,A,M,80,12/28/2024,FALSE,,LETTER,,
5/5/2025,B,M,72,NULL,FALSE,,LETTER,,
5/5/2025,B,H,08,12/24/2024,FALSE,,LETTER,,
5/5/2025,C,C,21,NULL,FALSE,,LETTER,,
5/5/2025,A,K,59,12/30/2024,FALSE,,LETTER,,
5/5/2025,A,M,07,12/30/2024,FALSE,,LETTER,,
5/5/2025,A,L,49,12/27/2024,FALSE,,LETTER,,
5/5/2025,B,J,18,NULL,FALSE,,LETTER,,
5/5/2025,C,C,16,1/6/2025,FALSE,,LETTER,,
5/5/2025,C,P,PUERTO RICO,12/28/2024,FALSE,,LETTER,,
5/5/2025,C,V,43,12/26/2024,FALSE,,LETTER,,
5/5/2025,C,M,11,12/28/2024,FALSE,,LETTER,,
5/5/2025,D,K,14,12/31/2024,FALSE,,LETTER,,
5/5/2025,E,H,15,12/27/2024,FALSE,,LETTER,,
5/5/2025,H,C,75,12/30/2024,FALSE,,LETTER,,
5/5/2025,H,T,AUSTRALIA,12/27/2024,FALSE,,LETTER,,
5/5/2025,I,M,23,12/23/2024,FALSE,,LETTER,,
5/5/2025,J,L,93,12/23/2024,FALSE,,LETTER,,
5/5/2025,C,D,88,12/27/2024,FALSE,,LETTER,,
5/5/2025,D,D,70,12/28/2024,FALSE,,LETTER,,
5/5/2025,D,D,22,12/30/2024,FALSE,,LETTER,,
5/5/2025,G,L,05,12/30/2024,FALSE,,LETTER,,
5/5/2025,I,K,NULL,12/30/2024,FALSE,,LETTER,,
5/5/2025,H,J,20,12/23/2024,FALSE,,LETTER,,
5/5/2025,J,H,29,4/26/2025,FALSE,,LETTER,,
5/5/2025,J,V,51,12/31/2024,FALSE,,LETTER,,
5/5/2025,C,D,16,12/30/2024,FALSE,,LETTER,,
5/5/2025,D,Z,CANADA,12/23/2024,FALSE,,LETTER,,
5/5/2025,E,B,22,12/24/2024,FALSE,,LETTER,,
5/5/2025,G,W,08,12/28/2024,FALSE,,LETTER,,
5/5/2025,I,O,16,NULL,FALSE,,LETTER,,
5/5/2025,H,K,12,12/30/2024,FALSE,,LETTER,,
5/5/2025,J,E,36,12/30/2024,FALSE,,LETTER,,
5/5/2025,J,S,58,12/28/2024,FALSE,,LETTER,,
5/5/2025,C,N,47,12/30/2024,FALSE,,LETTER,,
5/5/2025,D,M,12,12/30/2024,FALSE,,LETTER,,
5/5/2025,E,N,88,12/26/2024,FALSE,,LETTER,,
5/5/2025,H,L,44,12/27/2024,FALSE,,LETTER,,
5/5/2025,H,F,24,12/22/2024,FALSE,*,LETTER,,
5/5/2025,H,A,09,12/31/2024,FALSE,,LETTER,,
5/5/2025,J,L,50,12/27/2024,FALSE,,LETTER,,
5/5/2025,J,G,73,NULL,FALSE,,LETTER,,
5/5/2025,J,NULL,83,12/30/2024,FALSE,,LETTER,,
5/5/2025,K,N,53,12/24/2024,,,,,
5/5/2025,K,C,85,12/30/2024,FALSE,,LETTER,,
5/5/2025,K,M,CANADA,NULL,FALSE,,LETTER,,
5/5/2025,L,S,LUXEMBOURG,12/23/2025,FALSE,,LETTER,,
5/5/2025,L,H,13,12/23/2024,,,,,
5/5/2025,L,M,68,12/26/2024,FALSE,,LETTER,,
5/5/2025,J,D,18,12/28/2024,FALSE,,LETTER,,
5/5/2025,K,P,26,12/27/2024,FALSE,,LETTER,,
5/5/2025,K,T,87,12/28/2024,FALSE,,LETTER,,
5/5/2025,K,W,63,12/27/2024,FALSE,,LETTER,,
5/5/2025,L,H,59,12/26/2024,FALSE,,LETTER,,
5/5/2025,M,T,05,12/30/2024,FALSE,,LETTER,,
5/5/2025,J,G,40,12/26/2024,FALSE,,LETTER,,
5/5/2025,K,T,61,12/27/2024,FALSE,,LETTER,,
5/5/2025,K,H,48,12/28/2024,FALSE,,LETTER,,
5/5/2025,K,S,18,12/30/2024,FALSE,,LETTER,,
5/5/2025,L,W,03,12/28/2024,FALSE,,LETTER,,
5/5/2025,L,O,86,12/27/2024,FALSE,,LETTER,,
5/5/2025,M,A,03,12/24/2024,FALSE,,LETTER,,
5/5/2025,J,P,62,12/30/2024,FALSE,,LETTER,,
5/5/2025,K,J,30,12/28/2024,FALSE,,LETTER,,
5/5/2025,K,S,05,12/27/2024,FALSE,,LETTER,,
5/5/2025,L,P,72,12/28/2024,FALSE,,LETTER,,
5/5/2025,L,M,21,12/30/2024,FALSE,,LETTER,,
5/5/2025,L,B,22,12/24/2024,FALSE,,LETTER,,
5/5/2025,M,V,32,12/28/2024,FALSE,,LETTER,,
5/5/2025,M,T,20,12/27/2024,FALSE,,LETTER,,
5/5/2025,M,M,PUERTO RICO,12/28/2024,FALSE,,LETTER,,
5/5/2025,M,G,01,12/23/2024,FALSE,*,LETTER,,
5/5/2025,N,J,10,12/24/2024,FALSE,,LETTER,,
5/5/2025,R,O,23,12/23/2024,FALSE,,LETTER,,
5/5/2025,S,H,08,12/27/2024,FALSE,,LETTER,,
5/5/2025,NULL,NULL,"LIMBURG, MAASTRICHT",NULL,FALSE,,LETTER,,"Maastricht, Limburg – Netherlands
(near Belgium/Germany borders; verify if confusion arises with Belgian Limburg)"
5/5/2025,M,L,05,12/28/2024,FALSE,,LETTER,,
5/5/2025,M,B,70,12/24/2024,FALSE,,LETTER,,
5/5/2025,P,S,26,NULL,FALSE,,LETTER,,
5/5/2025,R,H,14,12/30/2024,FALSE,,LETTER,,
5/5/2025,S,M,FRANCE,NULL,FALSE,,LETTER,,
5/5/2025,M,C,54,12/31/2024,FALSE,,LETTER,,
5/5/2025,M,S,42,12/28/2024,FALSE,,LETTER,,
5/5/2025,M,V,54,12/26/2024,FALSE,,LETTER,,
5/5/2025,P,S,29,12/27/2024,FALSE,,LETTER,,
5/5/2025,S,NULL,10,12/30/2024,FALSE,,LETTER,,
5/5/2025,S,P,39,12/28/2024,FALSE,,LETTER,,
5/5/2025,M,R,78,12/28/2024,FALSE,,LETTER,,
5/5/2025,M,W,11,12/30/2024,FALSE,,LETTER,,
5/5/2025,N,F,42,12/28/2024,FALSE,,LETTER,,
5/5/2025,R,T,26,12/30/2024,FALSE,,LETTER,,
5/5/2025,S,O,CANADA,NULL,FALSE,,LETTER,,
5/5/2025,S,NULL,NULL,12/30/2024,FALSE,,LETTER,,
5/6/2025,R,M,86,12/24/2024,FALSE,,LETTER,,
5/6/2025,S,F,34,12/28/2024,FALSE,,LETTER,,
5/6/2025,S,W,73,5/3/2025,FALSE,,LETTER,,
5/6/2025,T,D,08,12/30/2024,FALSE,,LETTER,,
5/6/2025,T,M,08,12/26/2024,FALSE,,LETTER,,
5/6/2025,V,R,26,12/26/2024,FALSE,,LETTER,,
5/6/2025,Z,M,06,12/28/2024,FALSE,,LETTER,,
5/6/2025,R,S,25,12/30/2024,FALSE,,LETTER,,
5/6/2025,S,M,33,12/26/2024,FALSE,,LETTER,,
5/6/2025,S,B,43,12/23/2024,FALSE,,LETTER,,
5/6/2025,T,K,22,12/28/2024,FALSE,,LETTER,,
5/6/2025,T,M,03,12/23/2024,FALSE,,LETTER,,
5/6/2025,W,G,05,12/28/2024,FALSE,,LETTER,,
5/6/2025,NULL,NULL,NULL,12/30/2024,FALSE,,LETTER,,
5/6/2025,S,W,CANADA,12/28/2024,FALSE,,LETTER,,
5/6/2025,S,S,12,12/28/2024,FALSE,,LETTER,,
5/6/2025,S,P,02,12/27/2024,FALSE,,LETTER,,
5/6/2025,T,E,02,12/30/2024,FALSE,,LETTER,,
5/6/2025,T,M,74,12/23/2024,FALSE,,LETTER,,
5/6/2025,Y,M,12,12/23/2024,FALSE,,LETTER,,
5/6/2025,S,S,51,12/28/2024,FALSE,,LETTER,,
5/6/2025,S,C,06,12/30/2024,FALSE,,LETTER,,
5/6/2025,S,T,24,12/27/2024,FALSE,,LETTER,,
5/6/2025,T,C,14,12/28/2024,FALSE,,LETTER,,
5/6/2025,V,A,25,12/24/2024,FALSE,,LETTER,,
5/6/2025,Y,Z,14,12/31/2024,FALSE,,LETTER,,
5/7/2025,A,H,17,1/2/2025,FALSE,,LETTER,,
5/7/2025,L,W,SWITZERLAND,4/20/2025,FALSE,,LETTER,,
5/7/2025,S,L,23,12/30/2024,FALSE,,LETTER,,
5/7/2025,A,T,17,1/2/2025,FALSE,,LETTER,,
5/7/2025,M,L,67,12/31/2024,FALSE,,LETTER,,
5/7/2025,S,R,04,1/2/2025,FALSE,,LETTER,,
5/7/2025,B,R,FRANCE,12/26/2024,FALSE,,LETTER,,
5/7/2025,S,S,15,1/2/2025,FALSE,,LETTER,,
5/7/2025,L,F,ARGENTINA,5/2/2025,FALSE,*,LETTER,,
5/7/2025,N,T,98,3/5/2025,FALSE,,LETTER,,
5/7/2025,S,S,19,1/3/2025,FALSE,,LETTER,,
5/8/2025,A,H,21,12/30/2024,FALSE,,LETTER,,
5/8/2025,A,N,41,3/6/2025,FALSE,,LETTER,,
5/8/2025,B,Z,09,12/30/2024,FALSE,,LETTER,,
5/8/2025,E,S,06,3/1/2025,FALSE,,LETTER,,
5/8/2025,H,B,24,12/30/2024,FALSE,,LETTER,,
5/8/2025,J,I,79,3/6/2025,FALSE,,LETTER,,
5/8/2025,K,T,55,3/4/2025,FALSE,,LETTER,,
5/8/2025,L,H,28,3/6/2025,FALSE,,LETTER,,
5/8/2025,M,B,24,2/28/2025,FALSE,,LETTER,,
5/8/2025,N,F,GERMANY,2/21/2025,FALSE,*,LETTER,,
5/8/2025,S,S,19,1/3/2025,FALSE,,LETTER,,
5/8/2025,A,F,26,12/30/2024,FALSE,,LETTER,,
5/8/2025,A,K,59,1/2/2025,FALSE,,LETTER,,
5/8/2025,C,B,AUSTRALIA,2/25/2025,FALSE,*,LETTER,,
5/8/2025,E,C,70,3/5/2025,FALSE,,LETTER,,
5/8/2025,J,F,15,12/28/2024,FALSE,,LETTER,,
5/8/2025,J,K,09,5/5/2025,FALSE,,LETTER,,
5/8/2025,K,D,AUSTRALIA,NULL,FALSE,,LETTER,,
5/8/2025,L,L,PORTUGAL,12/27/2024,FALSE,,LETTER,,
5/8/2025,M,C,GERMANY,12/27/2024,FALSE,,LETTER,,
5/8/2025,N,N,14,12/27/2024,FALSE,,LETTER,,
5/8/2025,S,N,PORTUGAL,12/23/2024,FALSE,,LETTER,,
5/8/2025,A,S,21,12/31/2024,FALSE,,LETTER,,
5/8/2025,A,A,SPAIN,12/30/2024,FALSE,,LETTER,,
5/8/2025,C,E,92,1/2/2025,FALSE,,LETTER,,
5/8/2025,F,T,UK,12/27/2024,FALSE,,LETTER,,
5/8/2025,J,A,69,1/6/2025,FALSE,,LETTER,,
5/8/2025,K,S,01,12/31/2024,FALSE,,LETTER,,
5/8/2025,L,W,NEW ZEALAND,2/18/2025,FALSE,,LETTER,,
5/8/2025,M,C,08,3/5/2025,FALSE,,LETTER,,
5/8/2025,M,M,07,12/30/2024,FALSE,,LETTER,,
5/8/2025,P,M,GERMANY,2/22/2025,FALSE,,LETTER,,
5/8/2025,S,K,FRANCE,2/21/2025,FALSE,,LETTER,,
5/8/2025,A,H,30,3/3/2025,FALSE,*,LETTER,,
5/8/2025,A,A,UK,12/30/2024,FALSE,,LETTER,,
5/8/2025,D,Y,27,1/2/2025,FALSE,,LETTER,,
5/8/2025,H,S,09,NULL,FALSE,,LETTER,,
5/8/2025,J,C,24,NULL,FALSE,,LETTER,,
5/8/2025,K,M,58,1/2/2025,FALSE,,LETTER,,
5/8/2025,M,L,91,12/31/2024,FALSE,,LETTER,,
5/8/2025,M,G,40,1/2/2025,FALSE,,LETTER,,
5/8/2025,P,Q,39,12/31/2024,FALSE,,LETTER,,
5/8/2025,V,T,01,4/29/2025,FALSE,*,LETTER,,
5/9/2025,A,B,47,1/3/2025,FALSE,,LETTER,,
5/9/2025,A,G,08,NULL,FALSE,,LETTER,,
5/9/2025,D,NULL,51,1/2/2025,FALSE,,LETTER,,
5/9/2025,E,K,38,1/2/2025,FALSE,,LETTER,,
5/9/2025,E,A,45,12/28/2024,FALSE,,LETTER,,
5/9/2025,G,S,02,1/2/2025,FALSE,,LETTER,,
5/9/2025,A,B,15,1/2/2025,FALSE,,LETTER,,
5/9/2025,C,B,78,3/28/2025,FALSE,,LETTER,,
5/9/2025,D,N,15,NULL,FALSE,,LETTER,,
5/9/2025,E,K,27,NULL,FALSE,,LETTER,,
5/9/2025,E,W,02,12/31/2024,FALSE,,LETTER,,
5/9/2025,G,A,15,NULL,FALSE,,LETTER,,
5/9/2025,A,T,49,1/2/2025,FALSE,,LETTER,,
5/9/2025,C,G,32,1/4/2025,FALSE,,LETTER,,
5/9/2025,D,A,33,1/2/2025,FALSE,,LETTER,,
5/9/2025,E,N,14,1/2/2025,FALSE,,LETTER,,
5/9/2025,F,D,UK,3/24/2025,FALSE,,LETTER,,
5/9/2025,H,J,26,12/31/2024,FALSE,,LETTER,,
5/9/2025,A,T,85,12/27/2024,FALSE,,LETTER,,
5/9/2025,C,M,80,12/31/2024,FALSE,,LETTER,,
5/9/2025,D,P,BRNGALURU,NULL,FALSE,,LETTER,,
5/9/2025,E,M,87,1/3/2025,FALSE,,LETTER,,
5/9/2025,G,J,02,NULL,FALSE,,LETTER,,
5/9/2025,J,NULL,36,1/3/2025,FALSE,,LETTER,,
5/9/2025,J,NULL,36,1/3/2025,FALSE,,LETTER,,
5/9/2025,L,B,82,3/27/2025,FALSE,,LETTER,,
5/9/2025,M,B,03,1/3/2025,FALSE,,LETTER,,
5/9/2025,S,J,CANADA,NULL,FALSE,,LETTER,,
5/9/2025,T,Z,21,1/3/2025,FALSE,,LETTER,,
5/9/2025,J,F,05,12/31/2024,FALSE,,LETTER,,
5/9/2025,M,S,CANADA,NULL,FALSE,,LETTER,,
5/9/2025,M,C,01,3/5/2025,FALSE,,LETTER,,
5/9/2025,S,C,74,1/3/2025,FALSE,,LETTER,,
5/9/2025,V,M,08,12/31/2024,FALSE,*,LETTER,,
5/9/2025,L,B,07,1/3/2025,FALSE,,LETTER,,
5/9/2025,M,W,11,1/2/2025,FALSE,,LETTER,,
5/9/2025,P,L,02,1/3/2025,FALSE,,LETTER,,
5/9/2025,S,C,41,1/4/2025,FALSE,,LETTER,,
5/9/2025,L,W,10,1/2/2025,FALSE,,LETTER,,
5/9/2025,M,NULL,NETHERLANDS,NULL,FALSE,,LETTER,,
5/9/2025,R,NULL,26,1/2/2025,FALSE,,LETTER,,
5/9/2025,T,I,GERMANY,3/8/2025,FALSE,*,LETTER,,
5/12/2025,B,P,AUSTRALIA,1/10/2025,FALSE,,LETTER,,
5/12/2025,C,M,31,3/28/2025,FALSE,,LETTER,,
5/12/2025,D,NULL,60,5/6/2025,FALSE,,LETTER,,
5/12/2025,G,X,CHINA,3/15/2025,FALSE,*,LETTER,,
5/12/2025,J,M,24,1/21/2025,FALSE,,LETTER,,
5/12/2025,K,W,01,3/7/2025,FALSE,,LETTER,,
5/12/2025,L,B,82,3/27/2025,FALSE,,LETTER,,
5/12/2025,M,D,02,3/7/2025,FALSE,,LETTER,,
5/12/2025,K,R,AUSTRALIA,NULL,FALSE,,LETTER,,
5/12/2025,T,B,17,3/25/2025,FALSE,,LETTER,,
5/12/2025,T,N,GERMANY,4/3/2025,FALSE,,LETTER,,
5/12/2025,Z,B,62,5/5/2025,FALSE,,LETTER,,
5/12/2025,B,M,15,3/6/2025,FALSE,,LETTER,,
5/12/2025,C,M,26,3/27/2025,FALSE,,LETTER,,
5/12/2025,E,R,FRANCE,3/23/2025,FALSE,*,LETTER,,
5/12/2025,G,C,61,1/21/2025,FALSE,,LETTER,,
5/12/2025,J,A,66,3/8/2025,FALSE,,LETTER,,
5/12/2025,K,S,14,3/4/2025,FALSE,,LETTER,,
5/12/2025,L,G,UK,3/30/2025,FALSE,,LETTER,,
5/12/2025,M,E,UK,3/30/2025,FALSE,,LETTER,,
5/12/2025,P,U,20,3/28/2025,FALSE,,LETTER,,
5/12/2025,T,I,GERMANY,2/21/2025,FALSE,*,LETTER,,
5/12/2025,U,A,UK,3/30/2025,FALSE,,LETTER,,
5/12/2025,B,L,02,3/5/2025,FALSE,*,LETTER,,
5/12/2025,C,W,CHINA,2/25/2025,FALSE,*,LETTER,,
5/12/2025,E,S,23,3/6/2025,FALSE,,LETTER,,
5/12/2025,G,L,77,3/27/2025,FALSE,,LETTER,,
5/12/2025,J,S,05,3/27/2025,FALSE,,LETTER,,
5/12/2025,K,E,51,3/27/2025,FALSE,,LETTER,,
5/12/2025,M,S,NEW ZEALAND,NULL,FALSE,,LETTER,,
5/12/2025,M,M,40,3/28/2025,FALSE,,LETTER,,
5/12/2025,R,O,MEXICO,1/6/2025,FALSE,*,LETTER,,
5/12/2025,T,I,GERMANY,3/8/2025,FALSE,*,LETTER,,
5/12/2025,V,G,16,1/22/2025,FALSE,,LETTER,,
5/12/2025,B,L,28,3/27/2025,FALSE,,LETTER,,
5/12/2025,C,B,01,3/28/2025,FALSE,,LETTER,,
5/12/2025,F,M,15,3/28/2025,FALSE,,LETTER,,
5/12/2025,I,R,11,3/7/2025,FALSE,,LETTER,,
5/12/2025,K,R,20,3/26/2025,FALSE,,LETTER,,
5/12/2025,K,W,03,3/27/2025,FALSE,,LETTER,,
5/12/2025,M,M,40,3/4/2025,FALSE,*,LETTER,,
5/12/2025,N,O,02,1/23/2025,FALSE,,LETTER,,
5/12/2025,T,D,23,2/24/2025,FALSE,,LETTER,,
5/12/2025,T,NULL,SINGAPORE,NULL,FALSE,,LETTER,,
5/12/2025,V,P,CANADA,2/25/2025,FALSE,,LETTER,,
5/13/2025,A,R,06,1/3/2025,FALSE,,LETTER,,
5/13/2025,B,R,74,1/4/2025,FALSE,,LETTER,,
5/13/2025,C,O,84,1/4/2025,FALSE,,LETTER,,
5/13/2025,E,H,84,1/2/2025,FALSE,,LETTER,,
5/13/2025,I,R,NORWAY,12/30/2024,FALSE,,LETTER,,
5/13/2025,M,W,80,1/3/2025,FALSE,,LETTER,,
5/13/2025,S,R,10,1/6/2025,FALSE,,LETTER,,
5/13/2025,T,L,81,1/2/2025,FALSE,,LETTER,,
5/13/2025,A,K,59,1/4/2025,FALSE,,LETTER,,
5/13/2025,B,M,55,1/3/2025,FALSE,,LETTER,,
5/13/2025,C,W,40,1/2/2025,FALSE,,LETTER,,
5/13/2025,F,S,CANADA,1/2/2025,FALSE,,LETTER,,
5/13/2025,J,M,37,12/31/2024,FALSE,,LETTER,,
5/13/2025,M,S,65,12/31/2024,FALSE,,LETTER,,
5/13/2025,S,O,01,1/3/2025,FALSE,,LETTER,,
5/13/2025,T,M,48,1/2/2025,FALSE,,LETTER,,
5/13/2025,A,V,04,1/3/2025,FALSE,,LETTER,,
5/13/2025,B,M,66,1/3/2025,FALSE,,LETTER,,
5/13/2025,D,E,FRANCE,12/30/2024,FALSE,,LETTER,,
5/13/2025,H,H,36,1/3/2025,FALSE,,LETTER,,
5/13/2025,J,P,36,1/2/2025,FALSE,,LETTER,,
5/13/2025,M,D,02,NULL,FALSE,,LETTER,,
5/13/2025,S,T,12,12/31/2024,FALSE,,LETTER,,
5/13/2025,A,E,CANADA,1/3/2025,FALSE,,LETTER,,
5/13/2025,C,M,86,12/31/2024,FALSE,*,LETTER,,
5/13/2025,D,B,55,NULL,FALSE,,LETTER,,
5/13/2025,H,A,69,NULL,FALSE,,LETTER,,
5/13/2025,M,Z,52,1/3/2025,FALSE,,LETTER,,
5/13/2025,P,G,CANADA,12/30/2024,FALSE,,LETTER,,
5/13/2025,T,K  ,44,12/31/2024,FALSE,,LETTER,,
5/14/2025,A,R,40,1/3/2025,FALSE,,LETTER,,
5/14/2025,A,J,04,1/2/2025,FALSE,,LETTER,,
5/14/2025,C,A,41,1/3/2025,FALSE,,LETTER,,
5/14/2025,D,H,38,1/3/2025,FALSE,,LETTER,,
5/14/2025,D,A,33,12/31/2024,FALSE,,LETTER,,
5/14/2025,E,R,03,12/31/2024,FALSE,,LETTER,,
5/14/2025,A,G,60,1/2/2025,FALSE,,LETTER,,
5/14/2025,B,C,31,1/2/2025,FALSE,,LETTER,,
5/14/2025,C,L,92,12/31/2024,FALSE,,LETTER,,
5/14/2025,D,D,20,1/2/2025,FALSE,,LETTER,,
5/14/2025,D,C,57,12/31/2024,FALSE,,LETTER,,
5/14/2025,F,M,44,1/3/2025,FALSE,,LETTER,,
5/14/2025,A,R,19,12/28/2024,FALSE,,LETTER,,
5/14/2025,B,C,31,1/2/2025,FALSE,,LETTER,,
5/14/2025,C,W,08,1/3/2025,FALSE,,LETTER,,
5/14/2025,D,B,66,1/4/2025,FALSE,,LETTER,,
5/14/2025,E,A,04,1/2/2025,FALSE,,LETTER,,
5/14/2025,F,H,11,1/2/2025,FALSE,,LETTER,,
5/14/2025,A,S,46,1/4/2025,FALSE,,LETTER,,
5/14/2025,C,Y,BELGIUM,12/27/2024,FALSE,,LETTER,,
5/14/2025,C,S,06,1/2/2025,FALSE,,LETTER,,
5/14/2025,D,W,40,3/5/2025,FALSE,,LETTER,,
5/14/2025,E,R,03,NULL,FALSE,,LETTER,,
5/14/2025,F,S,07,1/4/2025,FALSE,,LETTER,,
5/14/2025,F,F,73,12/31/2024,FALSE,*,LETTER,,
5/14/2025,H,R,AUSTRALIA,2/18/2025,FALSE,,LETTER,,
5/14/2025,J,NULL,36,1/2/2025,FALSE,,LETTER,,
5/14/2025,K,C,71,1/2/2025,FALSE,,LETTER,,
5/14/2025,K,M,34,1/2/2025,FALSE,,LETTER,,
5/14/2025,L,P,UK,12/28/2024,FALSE,,LETTER,,
5/14/2025,G,B,POLAND,NULL,FALSE,,LETTER,,
5/14/2025,H,W,03,NULL,FALSE,,LETTER,,
5/14/2025,J,L,POLAND,12/21/2024,FALSE,,LETTER,,
5/14/2025,K,L,CANADA,12/24/2024,FALSE,,LETTER,,
5/14/2025,K,A,CANADA,12/20/2024,FALSE,*,LETTER,,
5/14/2025,M,Q,75,12/26/2024,FALSE,,LETTER,,
5/14/2025,G,T,27,1/2/2025,FALSE,,LETTER,,
5/14/2025,J,T,49,1/3/2025,FALSE,,LETTER,,
5/14/2025,K,O,01,12/31/2024,FALSE,,LETTER,,
5/14/2025,K,B,23,1/2/2025,FALSE,,LETTER,,
5/14/2025,K,K,FINLAND,12/27/2024,FALSE,,LETTER,,
5/14/2025,M,NULL,01,12/31/2024,FALSE,,LETTER,,
5/14/2025,H,L,46,12/24/2024,FALSE,,LETTER,,
5/14/2025,J,D,05,1/2/2025,FALSE,,LETTER,,
5/14/2025,K,P,08,12/31/2024,FALSE,,LETTER,,
5/14/2025,K,NULL,CANADA,NULL,FALSE,,LETTER,,
5/14/2025,L,A,UK,NULL,FALSE,,LETTER,,
5/14/2025,M,H,NETHERLANDS,12/25/2024,FALSE,*,LETTER,,
5/14/2025,M,M,39,1/3/2025,FALSE,,LETTER,,
5/14/2025,M,C,23,3/3/2025,FALSE,,LETTER,,
5/14/2025,M,C,12,1/2/2025,FALSE,,LETTER,,
5/14/2025,N,B,AUSTRIA,12/21/2024,FALSE,*,LETTER,,
5/14/2025,P,S,26,1/2/2025,FALSE,,LETTER,,
5/14/2025,S,R,10,1/4/2025,FALSE,,LETTER,,
5/14/2025,M,M,21,1/3/2025,FALSE,,LETTER,,
5/14/2025,M,M,12,12/26/2024,FALSE,,LETTER,,
5/14/2025,N,H,38,12/30/2024,FALSE,,LETTER,,
5/14/2025,O,D,75,12/28/2024,FALSE,,LETTER,,
5/14/2025,R,G,64,1/2/2025,FALSE,,LETTER,,
5/14/2025,S,F,92,1/3/2025,FALSE,,LETTER,,
5/14/2025,M,E,43,12/26/2024,FALSE,,LETTER,,
5/14/2025,M,L,AUSTRIA,12/21/2024,FALSE,,LETTER,,
5/14/2025,N,C,79,1/3/2025,FALSE,,LETTER,,
5/14/2025,P,K,35,1/9/2025,FALSE,,LETTER,,
5/14/2025,S,F,92,1/3/2025,FALSE,,LETTER,,
5/14/2025,M,M,70,12/30/2024,FALSE,,LETTER,,
5/14/2025,M,B,07,12/26/2024,FALSE,,LETTER,,
5/14/2025,N,NULL,36,1/4/2025,FALSE,,LETTER,,
5/14/2025,P,M,AUSTRALIA,12/23/2024,FALSE,,LETTER,,
5/14/2025,S,N ,PORTUGAL,12/27/2024,FALSE,,LETTER,,
5/14/2025,S,H,35,1/4/2025,FALSE,,LETTER,,
5/14/2025,A,B,07,1/3/2025,FALSE,,LETTER,,
5/14/2025,A,C,80,1/2/2025,FALSE,,LETTER,,
5/14/2025,A,M,11,1/4/2025,FALSE,,LETTER,,
5/14/2025,B,C,81,1/2/2025,FALSE,,LETTER,,
5/14/2025,C,L,02,12/31/2024,FALSE,,LETTER,,
5/14/2025,A,C,01,1/4/2025,FALSE,,LETTER,,
5/14/2025,A,D,GERMANY,2/21/2025,FALSE,,LETTER,,
5/14/2025,A,M,42,3/4/2025,FALSE,,LETTER,,
5/14/2025,B,G,35,5/12/2025,FALSE,,LETTER,,
5/14/2025,C,S,05,12/29/2024,FALSE,*,LETTER,,
5/14/2025,A,C,01,1/6/2025,FALSE,*,LETTER,,
5/14/2025,A,E,35,3/4/2025,FALSE,,LETTER,,
5/14/2025,A,T,10,3/5/2025,FALSE,,LETTER,,
5/14/2025,C,B,FRANCE,2/19/2025,FALSE,,LETTER,,
5/14/2025,C,V,FRANCE,2/19/2025,FALSE,,LETTER,,
5/14/2025,A,C,01,12/31/2024,FALSE,,LETTER,,
5/14/2025,A,K,59,1/2/2025,FALSE,,LETTER,,
5/14/2025,B,C,08,12/24/2024,FALSE,,LETTER,,
5/14/2025,C,C,63,3/4/2025,FALSE,*,LETTER,,
5/14/2025,C,W,08,1/3/2025,FALSE,,LETTER,,
5/14/2025,M,C,94,12/26/2024,FALSE,,LETTER,,
5/14/2025,S,T,FINLAND,12/23/2024,FALSE,,LETTER,,
5/14/2025,T,C,06,1/2/2025,FALSE,,LETTER,,
5/14/2025,V,P,60,NULL,FALSE,,LETTER,,
5/14/2025,NULL,NULL,CANADA,2/25/2025,FALSE,,LETTER,,
5/14/2025,S,K,NETHERLANDS,NULL,FALSE,,LETTER,,
5/14/2025,T,F,72,12/30/2024,FALSE,,LETTER,,
5/14/2025,S,NULL,51,12/31/2024,FALSE,,LETTER,,
5/14/2025,NULL,NULL,CANADA,NULL,FALSE,,LETTER,,
5/14/2025,S,L,47,3/4/2025,FALSE,,LETTER,,
5/14/2025,T,T,CANADA,12/27/2024,FALSE,,LETTER,,
5/14/2025,V,S,UK,1/3/2025,FALSE,,LETTER,,
5/14/2025,T,N,64,1/3/2025,FALSE,,LETTER,,
5/14/2025,V,K,13,12/31/2024,FALSE,,LETTER,,
5/14/2025,Z,T,20,3/6/2025,FALSE,,LETTER,,
5/15/2025,A,B,07,1/3/2025,FALSE,,LETTER,,
5/15/2025,A,C,80,1/2/2025,FALSE,,LETTER,,
5/15/2025,A,M,11,1/4/2025,FALSE,,LETTER,,
5/15/2025,B,C,81,1/2/2025,FALSE,,LETTER,,
5/15/2025,C,L,02,12/31/2024,FALSE,,LETTER,,
5/15/2025,A,C,01,1/4/2025,FALSE,,LETTER,,
5/15/2025,A,D,GERMANY,2/21/2025,FALSE,,LETTER,,
5/15/2025,A,M,42,3/4/2025,FALSE,,LETTER,,
5/15/2025,B,G,35,5/12/2025,FALSE,,LETTER,,
5/15/2025,C,S,05,12/29/2024,FALSE,*,LETTER,,
5/15/2025,A,C,01,1/6/2025,FALSE,*,LETTER,,
5/15/2025,A,E,35,3/4/2025,FALSE,,LETTER,,
5/15/2025,A,T,10,3/5/2025,FALSE,,LETTER,,
5/15/2025,C,B,FRANCE,2/19/2025,FALSE,,LETTER,,
5/15/2025,C,V,FRANCE,2/19/2025,FALSE,,LETTER,,
5/15/2025,A,C,01,12/31/2024,FALSE,,LETTER,,
5/15/2025,A,K,59,1/2/2025,FALSE,,LETTER,,
5/15/2025,B,C,08,12/24/2024,FALSE,,LETTER,,
5/15/2025,C,C,63,3/4/2025,FALSE,*,LETTER,,
5/15/2025,C,W,08,1/3/2025,FALSE,,LETTER,,
5/15/2025,C,W,49,12/27/2024,FALSE,,LETTER,,
5/15/2025,D,H,16,12/31/2024,FALSE,,LETTER,,
5/15/2025,E,S,06,3/5/2025,FALSE,,LETTER,,
5/15/2025,H,A,06,1/2/2025,FALSE,,LETTER,,
5/15/2025,J,T,09,1/3/2025,FALSE,,LETTER,,
5/15/2025,L,H,13,12/30/2024,FALSE,,LETTER,,
5/15/2025,M,M,01,12/30/2024,FALSE,,LETTER,,
5/15/2025,S,H,20,12/30/2024,FALSE,,LETTER,,
5/15/2025,S,T,36,1/1/2025,FALSE,*,LETTER,,
5/15/2025,D,D,ITALY,2/10/2025,FALSE,,LETTER,,
5/15/2025,D,P,16,1/2/2025,FALSE,,LETTER,,
5/15/2025,E,S,07,12/22/2024,FALSE,*,LETTER,,
5/15/2025,H,B,30,1/2/2025,FALSE,,LETTER,,
5/15/2025,K,A,46,1/3/2025,FALSE,,LETTER,,
5/15/2025,L,N,IRELAND,12/25/2024,FALSE,*,LETTER,,
5/15/2025,N,B,UK,NULL,FALSE,,LETTER,,
5/15/2025,S,L,CANADA,2/27/2025,FALSE,,LETTER,,
5/15/2025,T,NULL,01,1/2/2025,FALSE,,LETTER,,
5/15/2025,D,A,33,12/31/2024,FALSE,,LETTER,,
5/15/2025,E,B,17,1/2/2025,FALSE,,LETTER,,
5/15/2025,G,M,CHILE,2/17/2025,FALSE,,LETTER,,
5/15/2025,J,L,CANADA,12/28/2024,FALSE,,LETTER,,
5/15/2025,K,A,67,1/4/2025,FALSE,,LETTER,,
5/15/2025,M,K,CANADA,3/3/2025,FALSE,,LETTER,,
5/15/2025,P,A,32,1/2/2025,FALSE,,LETTER,,
5/15/2025,S,M,03,1/2/2025,FALSE,,LETTER,,
5/15/2025,V,L,68,2/26/2025,FALSE,,LETTER,,
5/15/2025,D,C,ITALY,2/19/2025,FALSE,,LETTER,,
5/15/2025,E,D,10,12/31/2024,FALSE,,LETTER,,
5/15/2025,G,S,UK,3/3/2025,FALSE,,LETTER,,
5/15/2025,J,M,16,3/5/2025,FALSE,,LETTER,,
5/15/2025,K,G,66,1/2/2025,FALSE,,LETTER,,
5/15/2025,M,Z,AUSTRIA,12/24/2024,FALSE,,LETTER,,
5/15/2025,R,P,01,12/30/2024,FALSE,,LETTER,,
5/15/2025,S,S,03,1/4/2025,FALSE,,LETTER,,
5/16/2025,A,C,SPAIN,3/7/2025,FALSE,,LETTER,,
5/16/2025,A,T,01,3/11/2025,FALSE,,LETTER,,
5/16/2025,C,A,NORTHERN IRELAND,5/9/2025,FALSE,,LETTER,,
5/16/2025,E,A,17,3/10/2025,FALSE,,LETTER,,
5/16/2025,H,L,44,3/7/2025,FALSE,,LETTER,,
5/16/2025,K,G,17,3/7/2025,FALSE,,LETTER,,
5/16/2025,L,P,ITALY,3/25/2025,FALSE,,LETTER,,
5/16/2025,M,E,10,3/7/2025,FALSE,,LETTER,,
5/16/2025,S,D,15,3/7/2025,FALSE,,LETTER,,
5/16/2025,T,NULL,23,3/6/2025,FALSE,,LETTER,,
5/16/2025,A,G,89,3/7/2025,FALSE,,LETTER,,
5/16/2025,A,L,ITALY,3/1/2025,FALSE,,LETTER,,
5/16/2025,C,P,52,3/26/2025,FALSE,,LETTER,,
5/16/2025,F,W,38,3/8/2025,FALSE,,LETTER,,
5/16/2025,J,T,63,3/5/2025,FALSE,*,LETTER,,
5/16/2025,K,L,99,3/5/2025,FALSE,,LETTER,,
5/16/2025,M,Z,29,3/6/2025,FALSE,,LETTER,,
5/16/2025,M,B,59,1/21/2025,FALSE,,LETTER,,
5/16/2025,S,NULL,NULL,NULL,FALSE,,LETTER,,
5/16/2025,Z,G,SWEDEN,3/1/2025,FALSE,,LETTER,,
5/16/2025,A,H,12,3/7/2025,FALSE,,LETTER,,
5/16/2025,A,L,ITALY,3/1/2025,FALSE,,LETTER,,
5/16/2025,C,K,40,3/4/2025,FALSE,,LETTER,,
5/16/2025,F,B,HUNGARY,3/3/2025,FALSE,,LETTER,,
5/16/2025,J,K,06,3/1/2025,FALSE,,LETTER,,
5/16/2025,K,G,15,3/10/2025,FALSE,,LETTER,,
5/16/2025,M,Y,20,3/10/2025,FALSE,,LETTER,,
5/16/2025,N,S,23,1/22/2025,FALSE,,LETTER,,
5/16/2025,D,D,15,3/6/2025,FALSE,,LETTER,,
5/16/2025,NULL,S,06,3/27/2025,FALSE,,LETTER,,
5/16/2025,A,W,04,3/10/2025,FALSE,,LETTER,,
5/16/2025,B,J,06,3/7/2025,FALSE,,LETTER,,
5/16/2025,D,F,09,3/4/2025,FALSE,,LETTER,,
5/16/2025,G,B,20,1/23/2025,FALSE,,LETTER,,
5/16/2025,K,D,UK,3/14/2025,FALSE,,LETTER,,
5/16/2025,L,B,54,3/8/2025,FALSE,,LETTER,,
5/16/2025,M,V,DENMARK,NULL,FALSE,,LETTER,,
5/16/2025,S,N,NORWAY,3/1/2025,FALSE,,LETTER,,
5/16/2025,T,NULL,23,3/11/2025,FALSE,,LETTER,,
5/19/2025,A,W,CANADA,5/9/2025,FALSE,,LETTER,,
5/19/2025,A,H,30,1/6/2025,FALSE,,LETTER,,
5/19/2025,A,D,UK,12/29/2024,FALSE,,LETTER,,
5/19/2025,B,Z,78,12/30/2024,FALSE,,LETTER,,
5/19/2025,C,L,01,1/6/2025,FALSE,,LETTER,,
5/19/2025,C,B,UK,12/30/2024,FALSE,,LETTER,,
5/19/2025,H,F,25,NULL,FALSE,,LETTER,,
5/19/2025,J,G,17,1/4/2025,FALSE,,LETTER,,
5/19/2025,A,B,05,5/13/2025,FALSE,,LETTER,,
5/19/2025,A,V,31,1/3/2025,FALSE,,LETTER,,
5/19/2025,A,G,07,1/3/2025,FALSE,,LETTER,,
5/19/2025,B,C,03,12/30/2024,FALSE,,LETTER,,
5/19/2025,C,L,01,1/6/2025,FALSE,,LETTER,,
5/19/2025,E,C,25,1/6/2025,FALSE,,LETTER,,
5/19/2025,H,K,17,1/2/2025,FALSE,,LETTER,,
5/19/2025,J,C,25,1/2/2025,FALSE,,LETTER,,
5/19/2025,A,J,10,1/4/2025,FALSE,,LETTER,,
5/19/2025,A,S,52,1/2/2025,FALSE,,LETTER,,
5/19/2025,A,N,15,1/6/2025,FALSE,,LETTER,,
5/19/2025,C,K,JAPAN,NULL,FALSE,,LETTER,,
5/19/2025,C,L,01,1/2/2025,FALSE,,LETTER,,
5/19/2025,E,M,24,1/2/2025,FALSE,,LETTER,,
5/19/2025,J,U,17,5/13/2025,FALSE,,LETTER,,
5/19/2025,J,M,12,12/31/2024,FALSE,,LETTER,,
5/19/2025,A,K,FINLAND,12/31/2024,FALSE,,LETTER,,
5/19/2025,A,L,71,1/4/2025,FALSE,,LETTER,,
5/19/2025,B,C,31,NULL,FALSE,,LETTER,,
5/19/2025,C,NULL,UK,1/1/2025,FALSE,,LETTER,,
5/19/2025,C,B,80,1/6/2025,FALSE,*,LETTER,,
5/19/2025,E,M,47,1/6/2025,FALSE,,LETTER,,
5/19/2025,J,P,01,1/2/2025,FALSE,,LETTER,,
5/19/2025,K,R,25,1/2/2025,FALSE,,LETTER,,
5/19/2025,K,B,14,12/26/2024,FALSE,*,LETTER,,
5/19/2025,L,S,GERMANY,12/23/2024,FALSE,,LETTER,,
5/19/2025,M,P,05,1/2/2025,FALSE,,LETTER,,
5/19/2025,M,W,01,1/2/2025,FALSE,,LETTER,,
5/19/2025,N,M,44,1/2/2025,FALSE,,LETTER,,
5/19/2025,Q,A,39,12/30/2024,FALSE,,LETTER,,
5/19/2025,R,G,14,1/4/2025,FALSE,,LETTER,,
5/19/2025,T,C,NORWAY,NULL,FALSE,,LETTER,,
5/19/2025,K,T,26,1/2/2025,FALSE,,LETTER,,
5/19/2025,L,M,04,12/31/2024,FALSE,,LETTER,,
5/19/2025,M,C,SPAIN,1/2/2025,FALSE,,LETTER,,
5/19/2025,M,C,50,1/2/2025,FALSE,,LETTER,,
5/19/2025,P,D,19,1/6/2025,FALSE,,LETTER,,
5/19/2025,R,E,FRANCE,NULL,FALSE,,LETTER,,
5/19/2025,S,M,30,12/31/2024,FALSE,,LETTER,,
5/19/2025,V,V,68,1/4/2025,FALSE,,LETTER,,
5/19/2025,L,M,25,12/26/2024,FALSE,,LETTER,,
5/19/2025,M,S,06,5/13/2025,FALSE,,LETTER,,
5/19/2025,M,B,33,12/30/2024,FALSE,,LETTER,,
5/19/2025,N,E,30,1/3/2025,FALSE,,LETTER,,
5/19/2025,P,A,32,5/13/2025,FALSE,,LETTER,,
5/19/2025,R,E,48,1/3/2025,FALSE,,LETTER,,
5/19/2025,S,R,10,1/4/2025,FALSE,,LETTER,,
5/19/2025,W,L,76,12/31/2024,FALSE,,LETTER,,
5/19/2025,L,D,05,12/24/2024,FALSE,,LETTER,,
5/19/2025,M,S,08,1/2/2025,FALSE,,LETTER,,
5/19/2025,M,C,42,1/2/2025,FALSE,,LETTER,,
5/19/2025,N,C,11,12/27/2024,FALSE,,LETTER,,
5/19/2025,P,D,06,1/2/2025,FALSE,,LETTER,,
5/19/2025,R,F,52,1/2/2025,FALSE,,LETTER,,
5/19/2025,S,G,40,1/4/2025,FALSE,,LETTER,,
5/19/2025,NULL,NULL,CHINA,1/18/2025,FALSE,,LETTER,,
5/20/2025,A,C,97,1/3/2025,FALSE,,LETTER,,
5/20/2025,A,M,89,1/10/2025,FALSE,,LETTER,,
5/20/2025,B,K,88,1/2/2025,FALSE,,LETTER,,
5/20/2025,D,E,02,1/6/2025,FALSE,,LETTER,,
5/20/2025,E,W,02,1/3/2025,FALSE,,LETTER,,
5/20/2025,H,P,16,5/16/2025,FALSE,,LETTER,,
5/20/2025,J,B,34,12/31/2024,FALSE,,LETTER,,
5/20/2025,J,G,23,1/6/2025,FALSE,,LETTER,,
5/20/2025,K,G,68,1/2/2025,FALSE,,LETTER,,
5/20/2025,A,D,50,1/6/2025,FALSE,,LETTER,,
5/20/2025,A,B,20,1/7/2025,FALSE,,LETTER,,
5/20/2025,C,T,26,1/2/2025,FALSE,,LETTER,,
5/20/2025,D,S,84,1/3/2025,FALSE,,LETTER,,
5/20/2025,E,B,12,3/5/2025,FALSE,,LETTER,,
5/20/2025,J,M,50,1/4/2025,FALSE,,LETTER,,
5/20/2025,J,H,27,12/30/2024,FALSE,,LETTER,,
5/20/2025,J,C,43,NULL,FALSE,,LETTER,,
5/20/2025,K,H,54,1/4/2025,FALSE,,LETTER,,
5/20/2025,A,P,FRANCE,2/28/2025,FALSE,,LETTER,,
5/20/2025,A,B,07,1/16/2025,FALSE,,LETTER,,
5/20/2025,A,J,POLAND,2/24/2025,FALSE,,LETTER,,
5/20/2025,A,L,79,4/26/2025,FALSE,,LETTER,,
5/20/2025,A,B,47,1/6/2025,FALSE,,LETTER,,
5/20/2025,A,R,25,12/28/2024,FALSE,*,LETTER,,
5/20/2025,B,M,76,1/3/2025,FALSE,,LETTER,,
5/20/2025,C,C,07,1/3/2025,FALSE,,LETTER,,
5/20/2025,E,C,CANADA,12/28/2024,FALSE,*,LETTER,,
5/20/2025,G,C,63,1/6/2025,FALSE,,LETTER,,
5/20/2025,J,S,62,1/2/2025,FALSE,,LETTER,,
5/20/2025,J,M,30,1/2/2025,FALSE,,LETTER,,
5/20/2025,J,B,12,12/26/2024,FALSE,,LETTER,,
5/20/2025,K,T,68,1/6/2025,FALSE,,LETTER,,
5/20/2025,A,S,41,12/31/2024,FALSE,,LETTER,,
5/20/2025,A,R,77,12/30/2024,FALSE,,LETTER,,
5/20/2025,A,J,06,1/10/2025,FALSE,,LETTER,,
5/20/2025,B,C,97,1/7/2025,FALSE,,LETTER,,
5/20/2025,D,G,05,1/2/2025,FALSE,,LETTER,,
5/20/2025,E,L,66,1/6/2025,FALSE,,LETTER,,
5/20/2025,H,R,40,1/3/2025,FALSE,,LETTER,,
5/20/2025,J,T,04,1/6/2025,FALSE,,LETTER,,
5/20/2025,J,C,71,1/6/2025,FALSE,,LETTER,,
5/20/2025,K,J,07,1/3/2025,FALSE,,LETTER,,
5/20/2025,K,W,GERMANY,12/27/2024,FALSE,,LETTER,,
5/20/2025,K,C,17,1/2/2025,FALSE,,LETTER,,
5/20/2025,L,T,21,1/4/2025,FALSE,,LETTER,,
5/20/2025,L,R,03,3/5/2025,FALSE,,LETTER,,
5/20/2025,M,K,22,1/2/2025,FALSE,,LETTER,,
5/20/2025,M,L,12,1/2/2025,,,,,
5/20/2025,L,F,36,1/2/2025,FALSE,,LETTER,,
5/20/2025,L,E,80,1/7/2025,FALSE,,LETTER,,
5/20/2025,M,H,17,1/6/2025,FALSE,,LETTER,,
5/20/2025,M,S,22,12/31/2024,FALSE,,LETTER,,
5/20/2025,N,R,SCOTLAND,12/30/2024,FALSE,,LETTER,,
5/20/2025,L,C,46,1/3/2025,FALSE,,LETTER,,
5/20/2025,L,B,76,1/6/2025,FALSE,,LETTER,,
5/20/2025,M,B,93,1/3/2025,FALSE,,LETTER,,
5/20/2025,M,H,LATVIA,12/22/2024,FALSE,*,LETTER,,
5/20/2025,N,B,03,NULL,FALSE,,LETTER,,
5/20/2025,L,W,17,1/2/2025,FALSE,,LETTER,,
5/20/2025,L,B,22,1/7/2025,FALSE,,LETTER,,
5/20/2025,M,N ,ITALY,12/30/2024,FALSE,,LETTER,,
5/20/2025,M,L,10,1/4/2025,FALSE,,LETTER,,
5/20/2025,N,B,SPAIN,12/27/2024,FALSE,,LETTER,,
5/20/2025,N,S,22,1/4/2025,FALSE,,LETTER,,
5/20/2025,O,NULL,NORWAY,12/20/2024,FALSE,,LETTER,,
5/20/2025,R,T,44,1/4/2025,FALSE,,LETTER,,
5/20/2025,S,A,71,1/3/2025,FALSE,,LETTER,,
5/20/2025,S,N,26,12/26/2024,FALSE,,LETTER,,
5/20/2025,V,R,86,1/3/2025,FALSE,,LETTER,,
5/20/2025,N,B,SPAIN,12/30/2024,FALSE,,LETTER,,
5/20/2025,O,R,45,1/6/2025,FALSE,,LETTER,,
5/20/2025,R,H,26,1/17/2025,FALSE,,LETTER,,
5/20/2025,S,W,89,1/6/2025,FALSE,,LETTER,,
5/20/2025,T,N,04,1/3/2025,FALSE,,LETTER,,
5/20/2025,N,B,MONGOLIA,2/20/2025,FALSE,,LETTER,,
5/20/2025,O,R,12,1/7/2025,FALSE,,LETTER,,
5/20/2025,R,O,TURKEY,12/23/2024,FALSE,,LETTER,,
5/20/2025,S,P,90,1/4/2025,FALSE,,LETTER,,
5/20/2025,T,M,21,12/31/2024,FALSE,,LETTER,,
5/20/2025,R,K,21,1/4/2025,FALSE,,LETTER,,
5/20/2025,S,B,UK,12/30/2024,FALSE,,LETTER,,
5/20/2025,V,S,03,1/3/2025,FALSE,,LETTER,,
5/20/2025,S,M,POLAND,12/30/2024,FALSE,,LETTER,,
5/21/2025,A,A,20,1/10/2025,FALSE,,LETTER,,
5/21/2025,A,P,01,12/26/2024,FALSE,,LETTER,,
5/21/2025,A,W,27,1/3/2025,FALSE,,LETTER,,
5/21/2025,B,S,01,1/7/2025,FALSE,,LETTER,,
5/21/2025,C,M,58,4/2/2025,FALSE,,LETTER,,
5/21/2025,C,D,CANADA,12/30/2024,FALSE,,LETTER,,
5/21/2025,A,S,17,1/2/2025,FALSE,,LETTER,,
5/21/2025,A,R,50,1/4/2025,FALSE,,LETTER,,
5/21/2025,A,G,CANADA,NULL,FALSE,,LETTER,,
5/21/2025,C,V,43,1/6/2025,FALSE,,LETTER,,
5/21/2025,C,B,41,1/4/2025,FALSE,*,LETTER,,
5/21/2025,E,L,AUSTRALIA,12/24/2024,FALSE,*,LETTER,,
5/21/2025,A,T,69,1/6/2025,FALSE,,LETTER,,
5/21/2025,A,E,CANADA,1/3/2025,FALSE,,LETTER,,
5/21/2025,A,M,38,1/4/2025,FALSE,,LETTER,,
5/21/2025,C,R,03,12/26/2024,FALSE,,LETTER,,
5/21/2025,C,K,40,1/3/2025,FALSE,,LETTER,,
5/21/2025,A,M,42,12/26/2024,FALSE,,LETTER,,
5/21/2025,A,A,47,3/3/2025,FALSE,,LETTER,,
5/21/2025,B,NULL,22,12/28/2024,FALSE,,LETTER,,
5/21/2025,C,B,78,5/17/2025,FALSE,,LETTER,,
5/21/2025,C,L,01,1/7/2025,FALSE,,LETTER,,
5/21/2025,E,V,AUSTRIA,4/11/2025,FALSE,,LETTER,,
5/21/2025,E,P,08,1/2/2025,FALSE,,LETTER,,
5/21/2025,J,S,34,3/5/2025,FALSE,,LETTER,,
5/21/2025,J,M,82,1/7/2025,FALSE,,LETTER,,
5/21/2025,L,G,21,NULL,FALSE,,LETTER,,
5/21/2025,M,W,72,1/6/2025,FALSE,,LETTER,,
5/21/2025,N,H,47,1/7/2025,FALSE,,LETTER,,
5/21/2025,G,M,43,1/8/2025,FALSE,*,LETTER,,
5/21/2025,J,S,40,1/7/2025,FALSE,,LETTER,,
5/21/2025,K,S,10,1/10/2025,FALSE,,LETTER,,
5/21/2025,M,R,MEXICO,1/29/2025,FALSE,*,LETTER,,
5/21/2025,M,G,30,1/7/2025,FALSE,,LETTER,,
5/21/2025,N,H,26,12/24/2024,FALSE,,LETTER,,
5/21/2025,I,E,11,12/26/2024,FALSE,,LETTER,,
5/21/2025,J,K,50,1/4/2025,FALSE,,LETTER,,
5/21/2025,K,K,38,1/8/2025,FALSE,,LETTER,,
5/21/2025,M,O,01,1/7/2025,FALSE,,LETTER,,
5/21/2025,M,Z,89,1/7/2025,FALSE,,LETTER,,
5/21/2025,Q,Z,78,1/11/2025,FALSE,,LETTER,,
5/21/2025,J,L,16,12/31/2024,FALSE,,LETTER,,
5/21/2025,J,S,CANADA,NULL,FALSE,,LETTER,,
5/21/2025,K,G,48,1/6/2025,FALSE,,LETTER,,
5/21/2025,M,L,85,1/3/2025,FALSE,,LETTER,,
5/21/2025,M,A,LATVIA,12/23/2024,FALSE,,LETTER,,
5/21/2025,R,K,48,1/2/2025,FALSE,*,LETTER,,
5/21/2025,S,M,57,1/7/2025,FALSE,,LETTER,,
5/21/2025,T,NULL,08,1/4/2025,FALSE,,LETTER,,
5/21/2025,V,A,25,1/10/2025,FALSE,,LETTER,,
5/21/2025,S,S,15,1/8/2025,FALSE,,LETTER,,
5/21/2025,T,H,49,1/11/2025,FALSE,,LETTER,,
5/21/2025,V,M,19,NULL,FALSE,,LETTER,,
5/21/2025,S,P,21,1/8/2025,FALSE,,LETTER,,
5/21/2025,T,NULL,04,1/3/2025,FALSE,,LETTER,,
5/21/2025,V,H,15,1/7/2025,FALSE,,LETTER,,
5/21/2025,S,O,14,1/10/2025,FALSE,,LETTER,,
5/21/2025,V,V,43,1/7/2025,FALSE,,LETTER,,
5/21/2025,V,G,CANADA,12/25/2024,FALSE,*,LETTER,,
5/22/2025,A,S,56,1/21/2025,FALSE,,LETTER,,
5/22/2025,B,N ,51,5/16/2025,FALSE,,LETTER,,
5/22/2025,C,W,97,5/17/2025,FALSE,,LETTER,,
5/22/2025,G,O,27,5/16/2025,FALSE,,LETTER,,
5/22/2025,H,B,AUSTRIA,4/22/2025,FALSE,,LETTER,,
5/22/2025,A,K,07,1/23/2025,FALSE,,LETTER,,
5/22/2025,B,O,TURKEY,1/8/2025,FALSE,*,LETTER,,
5/22/2025,C,V,43,2/7/2025,FALSE,,LETTER,,
5/22/2025,G,G,ITALY,1/11/2025,FALSE,,LETTER,,
5/22/2025,H,A,69,NULL,FALSE,,LETTER,,
5/22/2025,A,R,90,5/17/2025,FALSE,,LETTER,,
5/22/2025,B,R,03,1/17/2025,FALSE,,LETTER,,
5/22/2025,E,A,07,5/16/2025,FALSE,,LETTER,,
5/22/2025,H,B,11,5/15/2025,FALSE,*,LETTER,,
5/22/2025,J,M,08,1/24/2025,FALSE,,LETTER,,
5/22/2025,A,K,32,5/17/2025,FALSE,,LETTER,,
5/22/2025,C,M,24,1/23/2024,FALSE,,LETTER,,
5/22/2025,F,T,UK,NULL,FALSE,,LETTER,,
5/22/2025,H,A,69,NULL,FALSE,,LETTER,,
5/22/2025,J,S,13,1/24/2025,FALSE,,LETTER,,
5/22/2025,L,D,30,2/8/2025,FALSE,,LETTER,,
5/22/2025,M,K,35,1/22/2025,FALSE,,LETTER,,
5/22/2025,M,A,07,5/10/2025,FALSE,,LETTER,,
5/22/2025,P,G,BELGIUM,5/11/2025,FALSE,*,LETTER,,
5/22/2025,S,K,33,5/17/2025,FALSE,,LETTER,,
5/22/2025,S,C,21,1/21/2025,FALSE,,LETTER,,
5/22/2025,V,R,61,5/15/2025,FALSE,,LETTER,,
5/22/2025,L,E,11,5/16/2025,FALSE,,LETTER,,
5/22/2025,M,M,40,2/9/2025,FALSE,*,LETTER,,
5/22/2025,N,K,55,5/17/2025,FALSE,,LETTER,,
5/22/2025,P,G,06,1/22/2025,FALSE,,LETTER,,
5/22/2025,S,H,38,5/17/2025,FALSE,,LETTER,,
5/22/2025,T,G,25,1/23/2025,FALSE,,LETTER,,
5/22/2025,V,L,68,5/16/2025,FALSE,,LETTER,,
5/22/2025,L,R,59,1/22/2025,FALSE,,LETTER,,
5/22/2025,M,T,64,5/17/2025,FALSE,,LETTER,,
5/22/2025,N,M,14,5/17/2025,FALSE,,LETTER,,
5/22/2025,R,N,09,1/21/2025,FALSE,,LETTER,,
5/22/2025,S,C,74,2/5/2025,FALSE,,LETTER,,
5/22/2025,M,C,34,5/14/2025,FALSE,,LETTER,,
5/22/2025,M,J,POLAND,1/8/2025,FALSE,,LETTER,,
5/22/2025,N,A,98,5/17/2025,FALSE,,LETTER,,
5/22/2025,S,M,03,5/17/2025,FALSE,,LETTER,,
5/22/2025,S,W,01,5/16/2025,FALSE,,LETTER,,
5/22/2025,T,S,GUYANA,NULL,FALSE,,LETTER,,
5/23/2025,A,S,46,1/11/2025,FALSE,,LETTER,,
5/23/2025,A,NULL,15,12/28/2024,FALSE,*,LETTER,,
5/23/2025,A,M,31,1/8/2025,FALSE,,LETTER,,
5/23/2025,B,X,35,12/23/2024,FALSE,,LETTER,,
5/23/2025,A,A,79,1/8/2025,FALSE,,LETTER,,
5/23/2025,A,J,03,1/6/2025,FALSE,,LETTER,,
5/23/2025,A,N,06,1/6/2025,FALSE,*,LETTER,,
5/23/2025,B,L,24,1/7/2025,FALSE,,LETTER,,
5/23/2025,A,A,01,12/30/2024,FALSE,,LETTER,,
5/23/2025,A,S,12,12/26/2024,FALSE,,LETTER,,
5/23/2025,A,A,02,1/8/2025,FALSE,,LETTER,,
5/23/2025,C,S,43,1/2/2025,FALSE,,LETTER,,
5/23/2025,A,B,ENGLAND,12/23/2024,FALSE,*,LETTER,,
5/23/2025,A,G,12,1/7/2025,FALSE,,LETTER,,
5/23/2025,B,I,01,1/11/2025,FALSE,,LETTER,,
5/23/2025,C,B,78,1/8/2025,FALSE,,LETTER,,
5/23/2025,C,I,12,1/11/2025,FALSE,,LETTER,,
5/23/2025,C,A,28,1/2/2025,FALSE,,LETTER,,
5/23/2025,D,B,20,5/21/2025,FALSE,,LETTER,,
5/23/2025,E,R,31,1/7/2025,FALSE,,LETTER,,
5/23/2025,G,H,04,1/10/2025,FALSE,,LETTER,,
5/23/2025,H,F,25,1/7/2025,FALSE,,LETTER,,
5/23/2025,C,G,26,1/11/2025,FALSE,,LETTER,,
5/23/2025,C,T,12,1/7/2025,FALSE,,LETTER,,
5/23/2025,E,R,03,1/6/2025,FALSE,,LETTER,,
5/23/2025,E,M,14,12/26/2024,FALSE,,LETTER,,
5/23/2025,G,M,AUSTRALIA,5/13/2025,FALSE,,LETTER,,
5/23/2025,I,P,GERMANY,12/22/2024,FALSE,,LETTER,,
5/23/2025,C,C,SWEDEN,12/30/2024,FALSE,,LETTER,,
5/23/2025,C,T,19,1/2/2025,FALSE,,LETTER,,
5/23/2025,E,A,94,1/8/2025,FALSE,,LETTER,,
5/23/2025,E,P,08,1/8/2025,FALSE,,LETTER,,
5/23/2025,H,L,NETHERLANDS,NULL,FALSE,,LETTER,,
5/23/2025,I,S,04,1/6/2025,FALSE,,LETTER,,
5/23/2025,C,D,24,1/7/2025,FALSE,,LETTER,,
5/23/2025,D,W,93,1/6/2025,FALSE,,LETTER,,
5/23/2025,E,E,85,1/2/2025,FALSE,,LETTER,,
5/23/2025,G,E,84,1/8/2025,FALSE,,LETTER,,
5/23/2025,J,D,02,12/26/2024,FALSE,,LETTER,,
5/23/2025,J,E,70,1/11/2025,FALSE,,LETTER,,
5/23/2025,K,M,08,1/7/2025,FALSE,,LETTER,,
5/23/2025,K,L,56,1/10/2025,FALSE,,LETTER,,
5/23/2025,L,Q,09,1/11/2025,FALSE,,LETTER,,
5/23/2025,M,H,NORWAY,12/21/2024,FALSE,*,LETTER,,
5/23/2025,J,D,28,1/2/2025,FALSE,,LETTER,,
5/23/2025,K,G,48,1/6/2025,FALSE,,LETTER,,
5/23/2025,K,H,54,1/6/2025,FALSE,,LETTER,,
5/23/2025,L,P,23,1/3/2025,FALSE,,LETTER,,
5/23/2025,M,T,20,1/7/2025,FALSE,,LETTER,,
5/23/2025,M,F,63,NULL,FALSE,,LETTER,,
5/23/2025,M,R,02,12/26/2024,FALSE,,LETTER,,
5/23/2025,M,S,14,1/7/2025,FALSE,,LETTER,,
5/23/2025,N,S,23,1/10/2025,FALSE,,LETTER,,
5/23/2025,M,T,60,1/11/2025,FALSE,,LETTER,,
5/23/2025,M,L,09,1/10/2025,FALSE,,LETTER,,
5/23/2025,N,L,UK,1/7/2025,FALSE,,LETTER,,
5/23/2025,N,H,CANADA,12/31/2024,FALSE,,LETTER,,
5/23/2025,P,G,CANADA,1/7/2025,FALSE,,LETTER,,
5/23/2025,S,D,GERMANY,NULL,FALSE,,LETTER,,
5/23/2025,S,A,57,1/10/2025,FALSE,,LETTER,,
5/23/2025,T,T,15,1/11/2025,FALSE,,LETTER,,
5/23/2025,R,T,44,1/11/2025,FALSE,,LETTER,,
5/23/2025,S,S,06,1/8/2025,FALSE,,LETTER,,
5/23/2025,S,L,CANADA,1/3/2025,FALSE,*,LETTER,,
5/23/2025,T,T,02,12/28/2024,FALSE,,LETTER,,
5/23/2025,M,W,56,1/7/2025,FALSE,,LETTER,,
5/23/2025,M,B,80,1/7/2025,FALSE,,LETTER,,
5/23/2025,N,Z,89,1/7/2025,FALSE,,LETTER,,
5/23/2025,R,B,42,1/10/2025,FALSE,,LETTER,,
5/23/2025,S,P,84,1/10/2025,FALSE,,LETTER,,
5/23/2025,T,B,DENMARK,1/3/2025,FALSE,,LETTER,,
5/23/2025,M,F,SWEDEN,12/30/2024,FALSE,,LETTER,,
5/23/2025,M,D,02,12/23/2024,FALSE,,LETTER,,
5/23/2025,N,K,05,1/7/2025,FALSE,,LETTER,,
5/23/2025,O,D,FRANCE,2/1/2025,FALSE,,LETTER,,
5/23/2025,R,N,22,1/8/2025,FALSE,,LETTER,,
5/23/2025,S,R,18,12/28/2024,FALSE,,LETTER,,
5/23/2025,T,D,ROMANIA,12/28/2024,FALSE,,LETTER,,
5/23/2025,NULL,E,04,1/8/2025,FALSE,,LETTER,,
5/23/2025,S,K,UK,NULL,FALSE,,LETTER,,
5/27/2025,A,M,67,3/12/2025,FALSE,,LETTER,,
5/27/2025,A,A,30,5/21/2025,FALSE,,LETTER,,
5/27/2025,B,L,28,5/21/2025,FALSE,,LETTER,,
5/27/2025,C,P,ROMANIA,5/10/2025,FALSE,*,LETTER,,
5/27/2025,E,K,16,3/10/2025,FALSE,,LETTER,,
5/27/2025,E,S,06,3/10/2025,FALSE,,LETTER,,
5/27/2025,A,W,15,3/10/2025,FALSE,,LETTER,,
5/27/2025,A,M,25,3/10/2025,FALSE,,LETTER,,
5/27/2025,B,D,08,3/10/2025,FALSE,,LETTER,,
5/27/2025,C,R,FRANCE,1/10/2025,FALSE,*,LETTER,,
5/27/2025,E,S,52,3/10/2025,FALSE,,LETTER,,
5/27/2025,H,R,46,5/20/2025,FALSE,*,LETTER,,
5/27/2025,A,F,17,3/10/2025,FALSE,,LETTER,,
5/27/2025,B,J,42,3/10/2025,FALSE,,LETTER,,
5/27/2025,C,S,40,3/10/2025,FALSE,*,LETTER,,
5/27/2025,D,M,29,3/10/2025,FALSE,,LETTER,,
5/27/2025,E,H,17,5/21/2025,FALSE,,LETTER,,
5/27/2025,I,O,24,3/10/2025,FALSE,,LETTER,,
5/27/2025,A,D,48,5/21/2025,FALSE,,LETTER,,
5/27/2025,B,M,60,3/10/2025,FALSE,,LETTER,,
5/27/2025,C,D,04,3/10/2025,FALSE,,LETTER,,
5/27/2025,E,S,23,3/11/2025,FALSE,,LETTER,,
5/27/2025,E,Z,CHINA,4/20/2025,FALSE,*,LETTER,,
5/27/2025,J,K,37,3/8/2025,FALSE,,LETTER,,
5/27/2025,J,L,79,3/10/2025,FALSE,,LETTER,,
5/27/2025,J,R,24,3/11/2025,FALSE,,LETTER,,
5/27/2025,J,T,22,3/10/2025,FALSE,,LETTER,,
5/27/2025,K,R,57,3/11/2025,FALSE,,LETTER,,
5/27/2025,K,S,28,3/12/2025,FALSE,,LETTER,,
5/27/2025,K,L,PHILLIPINES,5/7/2025,FALSE,,LETTER,,
5/27/2025,L,G,62,3/10/2025,FALSE,,LETTER,,
5/27/2025,J,A,81,3/10/2025,FALSE,,LETTER,,
5/27/2025,J,C,00,3/11/2025,FALSE,,LETTER,,
5/27/2025,J,H,UK,5/16/2025,FALSE,*,LETTER,,
5/27/2025,K,C,73,3/13/2025,FALSE,,LETTER,,
5/27/2025,K,S,02,3/10/2025,FALSE,,LETTER,,
5/27/2025,K,L,55,5/20/2025,FALSE,,LETTER,,
5/27/2025,L,P,53,3/12/2025,FALSE,,LETTER,,
5/27/2025,J,R,56,1/11/2025,FALSE,,LETTER,,
5/27/2025,J,S,38,3/13/2025,FALSE,,LETTER,,
5/27/2025,K,S,40,3/11/2025,FALSE,,LETTER,,
5/27/2025,K,G,01,3/11/2025,FALSE,,LETTER,,
5/27/2025,K,C,05,5/19/2025,FALSE,,LETTER,,
5/27/2025,K,H,17,5/17/2025,FALSE,,LETTER,,
5/27/2025,M,W,17,3/12/2025,FALSE,,LETTER,,
5/27/2025,J,T,14,5/20/2025,FALSE,,LETTER,,
5/27/2025,J,P,35,3/10/2025,FALSE,,LETTER,,
5/27/2025,K,D,01,3/10/2025,FALSE,,LETTER,,
5/27/2025,K,S,34,5/21/2025,FALSE,,LETTER,,
5/27/2025,K,C,58,3/10/2025,FALSE,,LETTER,,
5/27/2025,K,S,28,3/10/2025,FALSE,,LETTER,,
5/27/2025,M,L,73,NULL,FALSE,,LETTER,,
5/27/2025,J,R,56,1/11/2025,FALSE,,LETTER,,
5/27/2025,J,S,38,3/13/2025,FALSE,,LETTER,,
5/27/2025,K,S,40,3/11/2025,FALSE,,LETTER,,
5/27/2025,K,G,01,3/11/2025,FALSE,,LETTER,,
5/27/2025,K,C,05,5/19/2025,FALSE,,LETTER,,
5/27/2025,M,W,17,3/12/2025,FALSE,,LETTER,,
5/27/2025,J,T,14,5/20/2025,FALSE,,LETTER,,
5/27/2025,J,P,35,3/10/2025,FALSE,,LETTER,,
5/27/2025,K,D,01,3/10/2025,FALSE,,LETTER,,
5/27/2025,K,S,34,3/7/2025,FALSE,,LETTER,,
5/27/2025,K,C,58,5/21/2025,FALSE,,LETTER,,
5/27/2025,K,S,28,3/10/2025,FALSE,,LETTER,,
5/27/2025,M,L,73,NULL,FALSE,,LETTER,,
5/27/2025,K,H,17,5/17/2025,FALSE,,LETTER,,
5/27/2025,M,K,48,3/11/2025,FALSE,,LETTER,,
5/27/2025,M,D,02,3/12/2025,FALSE,,LETTER,,
5/27/2025,R,C,64,3/10/2025,FALSE,,LETTER,,
5/27/2025,S,B,26,3/11/2025,FALSE,,LETTER,,
5/27/2025,T,M,58,3/8/2025,FALSE,*,LETTER,,
5/27/2025,X,Q,CHINA,4/10/2025,FALSE,*,LETTER,,
5/27/2025,M,G,06,3/10/2025,FALSE,,LETTER,,
5/27/2025,N,B,47,3/12/2025,FALSE,,LETTER,,
5/27/2025,R,R,20,3/10/2025,FALSE,,LETTER,,
5/27/2025,S,I,CANADA,5/13/2025,FALSE,,LETTER,,
5/27/2025,T,H,CANADA,NULL,FALSE,,LETTER,,
5/27/2025,Y,P,05,3/10/2025,FALSE,,LETTER,,
5/27/2025,M,R,CHINA,5/8/2025,FALSE,,LETTER,,
5/27/2025,O,M,79,3/8/2025,FALSE,,LETTER,,
5/27/2025,R,L,BRAZIL,5/6/2025,FALSE,,LETTER,,
5/27/2025,S,C,74,3/10/2025,FALSE,,LETTER,,
5/27/2025,T,H,CANADA,5/17/2025,FALSE,,LETTER,,
5/27/2025,M,A,ITALY,4/2/2025,FALSE,*,LETTER,,
5/27/2025,P,N,13,5/21/2025,FALSE,,LETTER,,
5/27/2025,S,R,11,3/10/2025,FALSE,,LETTER,,
5/27/2025,T,R,24,3/11/2025,FALSE,,LETTER,,
5/27/2025,W,NULL,43,5/22/2025,FALSE,,LETTER,,
5/28/2025,A,L,49,1/10/2025,FALSE,,LETTER,,
5/28/2025,A,P,91,1/8/2025,FALSE,,LETTER,,
5/28/2025,A,D,20,1/10/2025,FALSE,,LETTER,,
5/28/2025,C,C,37,NULL,FALSE,,LETTER,,
5/28/2025,C,L,52,1/11/2025,FALSE,,LETTER,,
5/28/2025,F,K,03,1/7/2025,FALSE,*,LETTER,,
5/28/2025,J,T,10,12/26/2024,FALSE,,LETTER,,
5/28/2025,A,V,05,1/8/2025,FALSE,,LETTER,,
5/28/2025,A,C,02,1/8/2025,FALSE,,LETTER,,
5/28/2025,B,L,54,1/10/2025,FALSE,,LETTER,,
5/28/2025,C,S,24,1/10/2025,FALSE,,LETTER,,
5/28/2025,E,A,14,1/10/2025,FALSE,,LETTER,,
5/28/2025,G,C,83,1/11/2025,FALSE,,LETTER,,
5/28/2025,J,Z,21,1/8/2025,FALSE,,LETTER,,
5/28/2025,A,R,06,1/11/2025,FALSE,,LETTER,,
5/28/2025,A,J,31,1/10/2025,FALSE,,LETTER,,
5/28/2025,B,U,GERMANY,12/30/2024,FALSE,,LETTER,,
5/28/2025,C,L,28,1/8/2025,FALSE,,LETTER,,
5/28/2025,E,W,10,1/10/2025,FALSE,,LETTER,,
5/28/2025,G,M,17,1/8/2025,FALSE,,LETTER,,
5/28/2025,J,A,76,1/8/2025,FALSE,,LETTER,,
5/28/2025,A,J,52,1/11/2025,FALSE,,LETTER,,
5/28/2025,A,R,12,1/11/2025,FALSE,,LETTER,,
5/28/2025,B,A,12,1/10/2025,FALSE,,LETTER,,
5/28/2025,C,M,86,1/8/2025,FALSE,,LETTER,,
5/28/2025,E,C,86,1/8/2025,FALSE,,LETTER,,
5/28/2025,I,L,45,1/10/2025,FALSE,,LETTER,,
5/28/2025,J,C,08,1/11/2025,FALSE,,LETTER,,
5/28/2025,J,Y,CANADA,1/9/2025,FALSE,,LETTER,,
5/28/2025,L,W,40,1/8/2025,FALSE,,LETTER,,
5/28/2025,M,A,47,1/10/2025,FALSE,,LETTER,,
5/28/2025,P,G,24,1/8/2025,FALSE,,LETTER,,
5/28/2025,R,R,02,1/13/2025,FALSE,,LETTER,,
5/28/2025,S,J,CANADA,1/10/2025,FALSE,,LETTER,,
5/28/2025,T,J,03,1/10/2025,FALSE,,LETTER,,
5/28/2025,J,S,62,1/6/2025,FALSE,,LETTER,,
5/28/2025,L,L,30,NULL,FALSE,,LETTER,,
5/28/2025,M,M,40,1/11/2025,FALSE,,LETTER,,
5/28/2025,P,G,11,1/11/2025,FALSE,,LETTER,,
5/28/2025,R,D,73,1/7/2025,FALSE,,LETTER,,
5/28/2025,S,P,91,1/8/2025,FALSE,,LETTER,,
5/28/2025,V,V,22,1/8/2025,FALSE,,LETTER,,
5/28/2025,K,N,02,1/8/2025,FALSE,,LETTER,,
5/28/2025,L,S,01,1/8/2025,FALSE,,LETTER,,
5/28/2025,M,T,26,1/11/2025,FALSE,,LETTER,,
5/28/2025,R,M,47,1/11/2025,FALSE,,LETTER,,
5/28/2025,S,H,31,1/10/2025,FALSE,,LETTER,,
5/28/2025,S,J,CANADA,1/10/2025,FALSE,,LETTER,,
5/28/2025,L,H,13,1/8/2025,FALSE,,LETTER,,
5/28/2025,M,M,12,1/10/2025,FALSE,,LETTER,,
5/28/2025,O,R,12,1/11/2025,FALSE,,LETTER,,
5/28/2025,R,Z,91,1/10/2025,FALSE,,LETTER,,
5/28/2025,S,T,12,12/23/2024,FALSE,,LETTER,,
5/28/2025,S,B,96,1/4/2025,FALSE,*,LETTER,,
5/29/2025,A,H,CANADA,3/7/2025,FALSE,,LETTER,,
5/29/2025,C,B,26,3/10/2025,FALSE,,LETTER,,
5/29/2025,F,T,42,1/23/2025,FALSE,,LETTER,,
5/29/2025,J,M,18,1/21/2025,FALSE,,LETTER,,
5/29/2025,J,S,20,3/10/2025,FALSE,,LETTER,,
5/29/2025,K,D,41,3/8/2025,FALSE,,LETTER,,
5/29/2025,M,C,31,1/8/2025,FALSE,,LETTER,,
5/29/2025,P,N,61,12/24/2024,FALSE,,LETTER,,
5/29/2025,S,S,59,1/11/2025,FALSE,,LETTER,,
5/29/2025,A,M,20,3/10/2025,FALSE,,LETTER,,
5/29/2025,E,B,28,1/13/2025,FALSE,,LETTER,,
5/29/2025,G,B,GERMANY,12/23/2024,FALSE,,LETTER,,
5/29/2025,J,D,30,3/10/2025,FALSE,,LETTER,,
5/29/2025,K,F,10,1/10/2025,FALSE,,LETTER,,
5/29/2025,K,R,08,3/6/2025,FALSE,,LETTER,,
5/29/2025,M,L,33,3/6/2025,FALSE,,LETTER,,
5/29/2025,P,S,POLAND,12/31/2024,FALSE,,LETTER,,
5/29/2025,T,T,04,1/11/2025,FALSE,,LETTER,,
5/29/2025,A,Y,20,1/8/2025,FALSE,,LETTER,,
5/29/2025,E,K,18,3/10/2025,FALSE,,LETTER,,
5/29/2025,I,M,18,1/13/2025,FALSE,,LETTER,,
5/29/2025,J,S,39,3/10/2025,FALSE,,LETTER,,
5/29/2025,K,R,04,3/10/2025,FALSE,,LETTER,,
5/29/2025,K,M,13,1/21/2025,FALSE,,LETTER,,
5/29/2025,M,D,28,1/10/2025,FALSE,,LETTER,,
5/29/2025,M,A,BELGIUM,3/4/2025,FALSE,,LETTER,,
5/29/2025,Z,A,04,3/8/2025,FALSE,,LETTER,,
5/29/2025,A,L,26,1/22/2025,FALSE,,LETTER,,
5/29/2025,F,W,03,3/10/2025,FALSE,,LETTER,,
5/29/2025,J,NULL,15,3/12/2025,FALSE,,LETTER,,
5/29/2025,J,S,74,1/22/2025,FALSE,,LETTER,,
5/29/2025,K,R,08,1/11/2025,FALSE,,LETTER,,
5/29/2025,M,L,33,1/11/2025,FALSE,,LETTER,,
5/29/2025,M,A,07,3/10/2025,FALSE,,LETTER,,
5/29/2025,S,K,01,1/13/2025,FALSE,,LETTER,,
5/29/2025,Z,V,UK,1/8/2025,FALSE,,LETTER,,
5/29/2025,J,H,29,5/23/2025,FALSE,,LETTER,,
5/29/2025,S,B,04,05/00/25,FALSE,,LETTER,,
5/30/2025,A,M,48,3/10/2025,FALSE,,LETTER,,
5/30/2025,A,P,01,3/10/2025,FALSE,,LETTER,,
5/30/2025,A,B,24,1/22/2025,FALSE,,LETTER,,
5/30/2025,C,V,43,1/22/2025,FALSE,,LETTER,,
5/30/2025,H,B,38,1/23/2025,FALSE,,LETTER,,
5/30/2025,J,R,CANADA,NULL,FALSE,,LETTER,,
5/30/2025,K,T,61,3/10/2025,FALSE,,LETTER,,
5/30/2025,M,S,CANADA,1/22/2025,FALSE,,LETTER,,
5/30/2025,M,R,CANADA,1/14/2025,FALSE,,LETTER,,
5/30/2025,A,C,97,3/10/2025,FALSE,,LETTER,,
5/30/2025,A,V,PHILLIPINES,1/7/2025,FALSE,,LETTER,,
5/30/2025,B,S,27,1/22/2025,FALSE,,LETTER,,
5/30/2025,D,M,93,3/8/2025,FALSE,,LETTER,,
5/30/2025,H,R,06,1/21/2025,FALSE,,LETTER,,
5/30/2025,J,K,66,3/10/2025,FALSE,,LETTER,,
5/30/2025,K,M,75,1/25/2025,FALSE,,LETTER,,
5/30/2025,M,E,05,1/21/2025,FALSE,,LETTER,,
5/30/2025,N,S,03,3/10/2025,FALSE,,LETTER,,
5/30/2025,A,J,79,1/21/2025,FALSE,,LETTER,,
5/30/2025,A,P,24,1/21/2025,FALSE,,LETTER,,
5/30/2025,C,J,15,3/11/2025,FALSE,,LETTER,,
5/30/2025,D,P,02,1/25/2025,FALSE,,LETTER,,
5/30/2025,H,C,79,1/22/2025,FALSE,,LETTER,,
5/30/2025,J,O,65,3/6/2025,FALSE,,LETTER,,
5/30/2025,K,W,39,1/21/2025,FALSE,,LETTER,,
5/30/2025,M,M,43,1/22/2025,FALSE,,LETTER,,
5/30/2025,N,G,16,1/21/2025,FALSE,,LETTER,,
5/30/2025,A,C,AUSTRALIA,1/12/2025,FALSE,,LETTER,,
5/30/2025,A,K,61,3/10/2025,FALSE,,LETTER,,
5/30/2025,C,P,14,1/22/2025,FALSE,,LETTER,,
5/30/2025,F,S,CANADA,1/22/2025,FALSE,,LETTER,,
5/30/2025,H,R,06,1/21/2025,FALSE,,LETTER,,
5/30/2025,K,N,03,1/21/2025,FALSE,,LETTER,,
5/30/2025,L,C,FRANCE,1/14/2025,FALSE,,LETTER,,
5/30/2025,M,M,57,1/22/2025,FALSE,,LETTER,,
5/30/2025,S,T,GERMANY,1/10/2025,FALSE,,LETTER,,
5/30/2025,Y,H,QATAR,2/27/2025,FALSE,,LETTER,,
5/30/2025,Y,F,11,1/24/2025,FALSE,,LETTER,,
5/30/2025,R,M,20,3/9/2025,FALSE,*,LETTER,,
6/2/2025,A,R,15,5/16/2025,FALSE,,LETTER,,
6/2/2025,A,D,22,2/24/2025,FALSE,*,LETTER,,
6/2/2025,B,N,51,5/16/2025,FALSE,,LETTER,,
6/2/2025,D,U,05,2/28/2025,FALSE,,LETTER,,
6/2/2025,H,K,KOREA,5/27/2025,FALSE,,LETTER,,
6/2/2025,K,R,25,2/3/2025,FALSE,,LETTER,,
6/2/2025,L,M,01,1/21/2025,FALSE,,LETTER,,
6/2/2025,M,M,15,NULL,FALSE,,LETTER,,
6/2/2025,R,R,04,3/10/2025,FALSE,,LETTER,,
6/2/2025,T,H,CANADA,1/22/2025,FALSE,,LETTER,,
6/2/2025,A,L,12,5/14/2025,FALSE,,LETTER,,
6/2/2025,B,N,51,5/17/2025,FALSE,,LETTER,,
6/2/2025,C,G,64,NULL,FALSE,,LETTER,,
6/2/2025,D,M,19,5/17/2025,FALSE,,LETTER,,
6/2/2025,J,B,52,5/17/2025,FALSE,,LETTER,,
6/2/2025,K,B,CANADA,1/21/2025,FALSE,,LETTER,,
6/2/2025,L,A,77,1/21/2025,FALSE,,LETTER,,
6/2/2025,M,C,05,12/27/2024,FALSE,,LETTER,,
6/2/2025,S,L,83,5/28/2025,FALSE,,LETTER,,
6/2/2025,V,NULL,UK,1/21/2025,FALSE,,LETTER,,
6/2/2025,A,S,46,1/21/2025,FALSE,,LETTER,,
6/2/2025,B,N,51,5/17/2025,FALSE,,LETTER,,
6/2/2025,D,D,22,1/10/2025,FALSE,,LETTER,,
6/2/2025,E,A,07,5/16/2025,FALSE,,LETTER,,
6/2/2025,J,T,89,1/22/2025,FALSE,,LETTER,,
6/2/2025,K,V,CANADA,1/21/2025,FALSE,,LETTER,,
6/2/2025,L,G,69,5/17/2025,FALSE,,LETTER,,
6/2/2025,N,B,73,1/21/2025,FALSE,,LETTER,,
6/2/2025,S,L,CANADA,2/2/2025,FALSE,,LETTER,,
6/2/2025,NULL,NULL,AUSTRALIA,2/27/2025,FALSE,*,LETTER,,
6/2/2025,A,S,KOREA,1/8/2025,FALSE,,LETTER,,
6/2/2025,B,N,51,5/17/2025,FALSE,,LETTER,,
6/2/2025,D,A,27,1/16/2025,FALSE,,LETTER,,
6/2/2025,G,NULL,04,5/17/2025,FALSE,,LETTER,,
6/2/2025,J,S,GERMANY,1/2/2025,FALSE,,LETTER,,
6/2/2025,L,E,64,1/21/2025,FALSE,,LETTER,,
6/2/2025,M,S,19,5/17/2025,FALSE,,LETTER,,
6/2/2025,P,P,UK,1/9/2025,FALSE,,LETTER,,
6/2/2025,S,H,75,5/14/2025,FALSE,*,LETTER,,
6/2/2025,NULL,NULL,ANTARTICA,3/1/2025,FALSE,,LETTER,,
6/3/2025,A,H,01,5/27/2025,FALSE,,LETTER,,
6/3/2025,A,M,42,1/10/2025,FALSE,,LETTER,,
6/3/2025,B,W,26,1/10/2025,FALSE,,LETTER,,
6/3/2025,C,C,31,1/13/2025,FALSE,,LETTER,,
6/3/2025,E,A,28,1/10/2025,FALSE,,LETTER,,
6/3/2025,H,I,80,1/10/2025,FALSE,,LETTER,,
6/3/2025,J,O,23,1/11/2025,FALSE,,LETTER,,
6/3/2025,M,M,15,NULL,FALSE,,LETTER,,
6/3/2025,P,D,84,1/10/2025,FALSE,,LETTER,,
6/3/2025,S,O,33,1/13/2025,FALSE,*,LETTER,,
6/3/2025,Y,M,27,1/10/2025,FALSE,,LETTER,,
6/3/2025,A,W,26,1/13/2025,FALSE,,LETTER,,
6/3/2025,A,L,04,1/10/2025,FALSE,,LETTER,,
6/3/2025,B,I,16,1/10/2025,FALSE,,LETTER,,
6/3/2025,D,G,01,1/13/2025,FALSE,,LETTER,,
6/3/2025,E,P,01,1/10/2025,FALSE,,LETTER,,
6/3/2025,J,N,80,NULL,FALSE,,LETTER,,
6/3/2025,J,V,30,1/10/2025,FALSE,,LETTER,,
6/3/2025,M,S,58,1/13/2025,FALSE,,LETTER,,
6/3/2025,R,F,22,5/28/2025,FALSE,,LETTER,,
6/3/2025,S,C,UK,1/9/2025,FALSE,,LETTER,,
6/3/2025,Z,C,99,12/23/2024,FALSE,,LETTER,,
6/3/2025,A,M,79,1/10/2025,FALSE,,LETTER,,
6/3/2025,A,P,01,1/10/2025,FALSE,,LETTER,,
6/3/2025,B,M,77,1/10/2025,FALSE,,LETTER,,
6/3/2025,D,G,GERMANY,12/27/2024,FALSE,,LETTER,,
6/3/2025,G,D,60,1/10/2025,FALSE,,LETTER,,
6/3/2025,J,G,33,1/13/2025,FALSE,,LETTER,,
6/3/2025,K,G,66,1/13/2025,FALSE,,LETTER,,
6/3/2025,M,B,CANADA,1/5/2025,FALSE,*,LETTER,,
6/3/2025,R,G,CANADA,1/9/2025,FALSE,*,LETTER,,
6/3/2025,S,F,80,1/10/2025,FALSE,,LETTER,,
6/3/2025,A,M,08,1/10/2025,FALSE,,LETTER,,
6/3/2025,B,O,21,1/10/2025,FALSE,,LETTER,,
6/3/2025,C,C,32,1/13/2025,FALSE,,LETTER,,
6/3/2025,D,D,87,1/10/2025,FALSE,,LETTER,,
6/3/2025,H,R,15,12/24/2024,FALSE,,LETTER,,
6/3/2025,J,H,26,1/10/2025,FALSE,,LETTER,,
6/3/2025,K,K,59,NULL,FALSE,,LETTER,,
6/3/2025,M,R,01,12/23/2024,FALSE,,LETTER,,
6/3/2025,R,K,26,1/10/2025,FALSE,,LETTER,,
6/3/2025,S,L,CANADA,1/6/2025,FALSE,,LETTER,,
6/4/2025,A,D,67,12/27/2024,FALSE,,LETTER,,
6/4/2025,A,P,17,1/11/2025,FALSE,,LETTER,,
6/4/2025,B,L,22,12/27/2024,FALSE,,LETTER,,
6/4/2025,C,S,06,1/10/2025,FALSE,,LETTER,,
6/4/2025,D,P,88,12/27/2024,FALSE,,LETTER,,
6/4/2025,I,C,01,1/10/2025,FALSE,,LETTER,,
6/4/2025,A,L,71,12/27/2024,FALSE,,LETTER,,
6/4/2025,A,M,05,1/10/2025,FALSE,,LETTER,,
6/4/2025,B,C,60,1/9/2025,FALSE,,LETTER,,
6/4/2025,C,O,70,1/6/2025,FALSE,,LETTER,,
6/4/2025,E,H,92,1/11/2025,FALSE,,LETTER,,
6/4/2025,J,C,02,1/11/2025,FALSE,,LETTER,,
6/4/2025,A,R,35,1/10/2025,FALSE,,LETTER,,
6/4/2025,A,O,38,1/10/2025,FALSE,,LETTER,,
6/4/2025,B,T,36,12/21/2024,FALSE,*,LETTER,,
6/4/2025,D,L,38,5/31/2025,FALSE,,LETTER,,
6/4/2025,E,C,71,1/11/2025,FALSE,,LETTER,,
6/4/2025,J,Y,30,1/11/2025,FALSE,,LETTER,,
6/4/2025,A,A,57,1/10/2025,FALSE,,LETTER,,
6/4/2025,A,R,54,1/3/2025,FALSE,,LETTER,,
6/4/2025,B,W,15,1/11/2025,FALSE,,LETTER,,
6/4/2025,D,M,90,1/10/2025,FALSE,,LETTER,,
6/4/2025,H,E,15,1/6/2025,FALSE,,LETTER,,
6/4/2025,J,H,63,12/24/2024,FALSE,,LETTER,,
6/4/2025,J,W,36,12/23/2024,FALSE,,LETTER,,
6/4/2025,K,S,07,1/10/2025,FALSE,,LETTER,,
6/4/2025,M,J,01,12/27/2024,FALSE,,LETTER,,
6/4/2025,N,A,06,1/11/2025,FALSE,,LETTER,,
6/4/2025,Q,G,11,1/13/2025,FALSE,,LETTER,,
6/4/2025,R,H,FINLAND,12/27/2024,FALSE,*,LETTER,,
6/4/2025,K,C,68,1/11/2025,FALSE,,LETTER,,
6/4/2025,L,B,83,1/10/2025,FALSE,,LETTER,,
6/4/2025,M,N,56,1/10/2025,FALSE,,LETTER,,
6/4/2025,P,F,78,12/23/2024,FALSE,,LETTER,,
6/4/2025,R,N,56,1/10/2025,FALSE,,LETTER,,
6/4/2025,S,S,35,12/26/2024,FALSE,,LETTER,,
6/4/2025,K,W,68,1/11/2025,FALSE,,LETTER,,
6/4/2025,L,S,BRAZIL,5/21/2025,FALSE,,LETTER,,
6/4/2025,M,B,73,1/4/2025,FALSE,,LETTER,,
6/4/2025,P,W,49,12/23/2024,FALSE,,LETTER,,
6/4/2025,R,M,15,1/10/2025,FALSE,,LETTER,,
6/4/2025,S,M,91,1/10/2025,FALSE,,LETTER,,
6/4/2025,K,R,23,12/24/2024,FALSE,,LETTER,,
6/4/2025,M,M,65,1/6/2025,FALSE,,LETTER,,
6/4/2025,M,M,40,1/6/2025,FALSE,,LETTER,,
6/4/2025,P,W,49,1/8/2025,FALSE,,LETTER,,
6/4/2025,R,B,49,1/11/2025,FALSE,,LETTER,,
6/4/2025,S,L,07,12/23/2024,FALSE,,LETTER,,
6/4/2025,V,S,12,12/27/2024,FALSE,,LETTER,,
6/5/2025,A,E,63,1/13/2025,FALSE,,LETTER,,
6/5/2025,K,P,31,NULL,FALSE,,LETTER,,
6/5/2025,M,C,32,12/30/2024,FALSE,,LETTER,,
6/5/2025,R,M,05,1/7/2025,FALSE,,LETTER,,
6/5/2025,S,B,UK,1/10/2025,FALSE,,LETTER,,
6/5/2025,A,A,31,1/13/2025,FALSE,,LETTER,,
6/5/2025,E,M,93,1/13/2025,FALSE,,LETTER,,
6/5/2025,K,E,04,1/13/2025,FALSE,,LETTER,,
6/5/2025,N,C,79,1/17/2025,FALSE,,LETTER,,
6/5/2025,S,H,31,1/13/2025,FALSE,,LETTER,,
6/5/2025,T,F,41,1/13/2025,FALSE,,LETTER,,
6/5/2025,B,B,SWITZERLAND,1/8/2025,FALSE,,LETTER,,
6/5/2025,I,O,UK,1/3/2025,FALSE,,LETTER,,
6/5/2025,L,P,31,1/13/2025,FALSE,,LETTER,,
6/5/2025,O,C,31,1/13/2025,FALSE,,LETTER,,
6/5/2025,S,E,56,1/7/2025,FALSE,,LETTER,,
6/5/2025,Q,NULL,TAIPEI,1/2/2025,FALSE,,LETTER,,
6/5/2025,C,L,92,1/11/2025,FALSE,,LETTER,,
6/5/2025,J,B,03,NULL,FALSE,,LETTER,,
6/5/2025,M,H,NORWAY,1/9/2025,FALSE,,LETTER,,
6/5/2025,R,M,31,1/13/2025,FALSE,,LETTER,,
6/5/2025,S,S,31,1/13/2025,FALSE,,LETTER,,
6/6/2025,A,R,22,1/14/2025,FALSE,,LETTER,,
6/6/2025,A,L,50,1/10/2025,FALSE,,LETTER,,
6/6/2025,A,B,25,1/14/2025,FALSE,,LETTER,,
6/6/2025,C,B,80,1/14/2025,FALSE,,LETTER,,
6/6/2025,D,K,85,1/10/2025,FALSE,,LETTER,,
6/6/2025,E,G,40,1/14/2025,FALSE,*,LETTER,,
6/6/2025,G,K,02,1/6/2025,FALSE,,LETTER,,
6/6/2025,J,A,07,1/14/2025,FALSE,,LETTER,,
6/6/2025,K,A,75,1/10/2025,FALSE,,LETTER,,
6/6/2025,A,C,78,12/24/2024,FALSE,,LETTER,,
6/6/2025,A,C,ALBANIA,1/1/2025,FALSE,,LETTER,,
6/6/2025,A,L,71,1/14/2025,FALSE,,LETTER,,
6/6/2025,C,L,91,1/1/2025,FALSE,,LETTER,,
6/6/2025,D,H,35,1/13/2025,FALSE,*,LETTER,,
6/6/2025,E,C,32,NULL,FALSE,,LETTER,,
6/6/2025,G,L,05,1/13/2025,FALSE,,LETTER,,
6/6/2025,J,E,62,1/13/2025,FALSE,,LETTER,,
6/6/2025,K,H,19,1/13/2025,FALSE,,LETTER,,
6/6/2025,A,R,14,1/13/2025,FALSE,,LETTER,,
6/6/2025,A,C,02,1/8/2025,FALSE,,LETTER,,
6/6/2025,A,S,05,1/7/2025,FALSE,*,LETTER,,
6/6/2025,C,D,07,1/10/2025,FALSE,,LETTER,,
6/6/2025,E,G,10,NULL,FALSE,,LETTER,,
6/6/2025,G,D,03,1/13/2025,FALSE,,LETTER,,
6/6/2025,I,G,44,1/10/2025,FALSE,,LETTER,,
6/6/2025,J,P,35,1/8/2025,FALSE,,LETTER,,
6/6/2025,K,H,91,12/26/2024,FALSE,,LETTER,,
6/6/2025,A,S,IRELAND,1/10/2025,FALSE,,LETTER,,
6/6/2025,A,J,22,1/13/2025,FALSE,,LETTER,,
6/6/2025,A,NULL,NULL,1/14/2025,FALSE,,LETTER,,
6/6/2025,D,M,11,1/11/2025,FALSE,,LETTER,,
6/6/2025,E,A,03,12/24/2024,FALSE,,LETTER,,
6/6/2025,G,S,20,1/11/2025,FALSE,,LETTER,,
6/6/2025,J,U,17,1/11/2025,FALSE,,LETTER,,
6/6/2025,J,R,66,1/13/2025,FALSE,,LETTER,,
6/6/2025,K,B,23,1/11/2025,FALSE,,LETTER,,
6/6/2025,L,S,86,1/11/2025,FALSE,,LETTER,,
6/6/2025,M,M,20,1/11/2025,FALSE,,LETTER,,
6/6/2025,N,A,12,1/13/2025,FALSE,,LETTER,,
6/6/2025,S,S,17,1/13/2025,FALSE,,LETTER,,
6/6/2025,S,H,43,1/13/2025,FALSE,,LETTER,,
6/6/2025,Z,R,41,1/11/2025,FALSE,,LETTER,,
6/6/2025,M,C,25,1/6/2025,FALSE,*,LETTER,,
6/6/2025,M,J,UK,1/10/2025,FALSE,,LETTER,,
6/6/2025,N,S,21,12/26/2024,FALSE,,LETTER,,
6/6/2025,S,S,24,1/13/2025,FALSE,,LETTER,,
6/6/2025,S,S,82,1/8/2025,FALSE,*,LETTER,,
6/6/2025,M,W,36,1/10/2025,FALSE,,LETTER,,
6/6/2025,M,B,83,1/11/2025,FALSE,,LETTER,,
6/6/2025,O,M,08,1/14/2025,FALSE,,LETTER,,
6/6/2025,S,B,04,1/8/2025,FALSE,,LETTER,,
6/6/2025,T,C,01,1/13/2025,FALSE,,LETTER,,
6/6/2025,N,W,75,1/13/2025,FALSE,,LETTER,,
6/6/2025,S,K,78,1/11/2025,FALSE,,LETTER,,
6/6/2025,Y,D,16,1/10/2025,FALSE,,LETTER,,
6/6/2025,R,C,03,1/13/2025,FALSE,,LETTER,,
